№;Alcohol;Malic and Apple Acid;Ash;Alcalinity of Ash;Magnesium;Total Phenols;Flavanoids;Nonflavanoid Phenols;Proanthocyanins;Color;Intensity;Hue;OD280_OD315_of_Deluted_Wines;Proline;Desired
1;13.34;2.43;2.49;11.24;107;2.95;3.0;0.35;1.95;White;7.16;1.04;2.97;843;2
2;14.13;2.02;2.74;12.08;129;3.31;2.71;0.26;2.08;Rosé;5.11;0.87;3.66;818;1
3;13.74;2.5;2.67;16.16;129;3.26;3.41;0.36;2.32;White;5.29;1.03;3.03;901;1
4;14.2;2.1;2.7;20.19;117;3.46;3.41;0.31;2.78;White;5.79;0.92;3.89;1146;2
5;14.22;2.35;2.17;13.8;128;3.23;2.99;0.37;2.42;Red;5.07;0.91;3.86;1227;2
6;13.72;1.96;2.85;20.59;129;3.87;3.16;0.27;2.07;Red;6.35;0.99;3.39;904;1
7;13.11;1.79;2.43;19.19;112;3.45;2.87;0.32;1.89;White;7.67;0.98;3.09;788;2
8;13.61;2.42;2.14;12.46;103;2.98;3.05;0.35;2.28;Red;6.64;1.05;3.19;1247;2
9;14.16;2.33;2.18;12.55;121;3.61;2.91;0.32;1.9;White;7.01;0.96;3.2;903;2
10;13.86;1.77;2.65;20.48;109;3.34;3.01;0.36;1.84;Rosé;5.91;1.04;3.86;858;2
11;13.57;1.82;2.2;20.05;125;2.73;3.02;0.26;2.29;Red;5.49;0.9;3.71;1119;1
12;13.73;2.53;2.59;11.22;105;3.44;2.96;0.27;1.91;Red;6.52;0.9;3.48;1367;1
13;13.7;2.05;2.14;19.98;129;3.07;3.49;0.29;2.78;Rosé;4.91;1.03;3.48;1106;2
14;13.25;2.19;2.53;14.09;113;2.93;3.3;0.32;2.0;Rosé;5.58;1.0;3.28;1411;2
15;14.34;2.4;2.14;13.11;123;3.46;3.24;0.37;1.85;White;7.68;0.93;3.04;1329;1
16;13.62;2.11;2.76;19.5;122;2.64;2.72;0.31;1.92;White;6.96;1.04;3.43;787;2
17;14.28;2.11;2.59;16.85;116;2.85;3.13;0.36;2.12;White;6.96;0.9;3.32;1017;1
18;14.35;2.34;2.82;11.26;116;3.45;3.15;0.24;1.87;Red;7.26;0.94;3.4;1170;2
19;13.72;1.97;2.56;14.81;107;3.43;3.06;0.29;2.4;Rosé;4.61;0.88;2.97;1424;2
20;13.08;1.77;2.79;15.09;126;3.77;2.97;0.38;1.85;White;5.09;1.02;3.08;752;2
21;14.48;2.36;2.81;17.9;123;3.31;2.95;0.32;1.98;White;5.56;0.91;3.57;839;0
22;13.01;1.75;2.79;17.14;116;3.87;2.9;0.32;2.19;Rosé;4.55;0.88;3.73;885;2
23;13.26;2.5;2.21;18.3;124;3.39;3.16;0.26;2.02;Red;5.79;1.03;3.73;1237;1
24;14.01;1.77;2.76;13.5;127;3.47;2.81;0.25;2.73;Rosé;4.97;0.88;3.5;1219;0
25;14.14;1.88;2.48;19.5;107;2.66;2.71;0.26;2.2;Red;6.72;1.04;3.85;781;0
26;14.27;1.97;2.12;13.58;129;3.86;3.33;0.35;2.05;Red;6.15;1.0;3.41;1073;1
27;14.26;2.11;2.9;12.69;120;3.26;2.98;0.3;2.42;Red;4.44;0.88;3.84;855;0
28;14.38;1.77;2.27;18.54;109;3.29;2.79;0.37;2.44;Red;5.29;0.99;3.83;974;1
29;13.68;2.58;2.58;11.58;102;3.24;2.91;0.34;2.53;Red;7.15;0.87;3.07;965;2
30;14.4;2.1;2.33;12.93;120;3.44;2.7;0.31;2.32;Rosé;7.5;0.98;3.27;1284;1
31;13.21;1.84;2.46;19.33;110;3.12;3.18;0.35;2.47;Red;6.87;0.92;3.88;1002;2
32;14.45;1.78;2.66;15.52;108;2.94;3.49;0.27;2.77;Rosé;7.08;0.96;3.3;1102;2
33;13.45;1.94;2.51;17.04;105;3.88;3.37;0.31;1.96;Red;5.6;0.89;3.9;1322;0
34;13.32;2.32;2.14;12.8;109;2.85;3.02;0.24;2.56;Red;4.92;0.94;3.2;1314;1
35;13.55;1.74;2.4;19.33;114;3.76;3.36;0.29;2.23;White;7.41;1.0;3.59;1384;1
36;13.01;1.79;2.16;16.44;125;3.46;3.18;0.36;2.2;Red;6.35;0.94;2.98;1104;2
37;13.56;2.4;2.26;20.6;104;3.45;3.18;0.26;2.11;White;6.94;0.87;3.49;1194;1
38;13.69;2.09;2.45;14.49;103;3.22;2.99;0.37;2.52;Red;7.7;0.97;3.59;1039;0
39;14.09;1.81;2.34;15.77;113;3.31;3.23;0.26;2.35;Rosé;6.23;1.04;3.28;896;2
40;13.85;2.33;2.41;12.46;129;3.52;2.81;0.28;2.57;Rosé;5.05;0.89;3.16;1042;0
41;14.21;2.56;2.73;19.4;119;2.76;3.17;0.26;2.32;Rosé;7.05;0.93;3.84;989;2
42;13.38;2.16;2.22;11.63;104;3.67;3.05;0.29;1.95;Rosé;6.72;0.95;3.66;1251;1
43;13.48;2.33;2.22;19.86;117;2.9;3.36;0.33;2.45;Red;7.42;1.02;3.36;871;1
44;13.85;2.19;2.79;13.79;124;3.66;2.83;0.28;2.09;White;5.33;0.93;3.56;1384;0
45;13.96;1.85;2.47;20.81;102;2.88;2.88;0.33;2.72;White;6.53;1.04;3.78;1477;0
46;13.24;2.06;2.56;17.94;121;3.76;2.68;0.31;1.83;Red;5.78;0.96;3.14;903;0
47;13.28;1.75;2.77;20.04;105;2.74;2.89;0.28;2.09;Red;6.45;1.0;3.42;1259;1
48;13.84;2.17;2.76;14.19;113;3.78;3.13;0.33;2.39;Red;6.57;1.03;3.62;1433;1
49;13.85;1.75;2.29;11.31;117;3.29;2.81;0.38;1.83;Red;7.79;0.87;3.54;948;2
50;14.1;1.92;2.75;19.5;111;3.71;3.3;0.27;2.68;White;6.63;0.94;3.8;1401;0
51;13.7;1.99;2.3;12.53;114;3.26;3.25;0.38;2.31;White;5.32;0.92;3.78;1271;2
52;14.04;1.84;2.12;11.25;104;3.82;3.49;0.24;2.7;Red;4.85;0.99;3.05;1067;0
53;13.31;2.05;2.8;17.9;128;2.65;3.13;0.32;2.59;White;6.04;0.88;3.16;1208;2
54;13.96;2.36;2.57;19.29;109;3.67;3.28;0.39;2.66;White;7.02;0.96;3.88;904;2
55;13.64;2.36;2.51;15.11;103;2.63;2.86;0.36;2.34;Red;4.4;1.0;3.86;1003;2
56;13.23;2.44;2.43;20.03;107;2.67;3.45;0.32;1.91;Red;5.62;0.95;3.59;1084;1
57;13.41;1.93;2.13;19.19;104;3.5;3.17;0.24;1.98;Rosé;4.89;0.86;3.21;1422;1
58;14.07;2.4;2.62;12.28;117;2.61;2.74;0.3;2.82;Rosé;6.16;0.99;3.56;956;2
59;13.26;1.92;2.35;18.49;108;2.69;2.93;0.3;2.16;White;7.15;0.92;3.67;770;2
60;13.58;1.77;2.85;16.38;127;3.69;3.36;0.28;2.44;Rosé;7.46;0.99;3.72;911;2
61;13.07;2.2;2.32;15.45;119;2.77;2.77;0.29;2.64;White;5.86;0.92;3.01;795;2
62;14.1;2.26;2.89;17.19;125;2.62;2.67;0.37;2.52;Rosé;4.74;0.91;3.2;1156;1
63;14.44;2.59;2.12;18.25;110;3.86;2.81;0.38;2.07;Red;5.62;0.9;2.97;1447;2
64;14.34;2.3;2.34;14.51;118;2.85;2.76;0.24;2.19;Red;5.03;0.89;3.26;1034;2
65;13.21;1.92;2.77;20.11;106;2.78;3.35;0.33;2.24;Rosé;6.97;0.95;3.74;989;0
66;13.41;2.11;2.81;17.93;125;2.93;2.91;0.27;2.35;Rosé;5.43;1.0;3.0;1457;0
67;13.47;1.82;2.59;18.68;113;2.93;3.33;0.37;2.71;Red;6.62;1.03;3.87;906;1
68;14.43;2.6;2.22;14.31;109;2.8;3.5;0.27;1.91;White;5.29;0.93;3.28;1169;0
69;13.17;2.18;2.25;19.75;126;3.71;3.3;0.39;2.13;Red;6.9;0.89;3.92;960;0
70;14.4;1.71;2.21;14.05;119;3.65;3.44;0.3;1.91;Rosé;6.88;0.9;3.46;1195;1
71;13.5;1.96;2.85;11.35;130;2.9;2.84;0.37;2.22;White;5.07;0.88;2.95;1165;1
72;13.51;2.51;2.46;16.05;111;3.23;2.89;0.35;2.18;White;7.67;0.9;3.64;1134;0
73;13.55;1.8;2.74;13.62;127;3.05;2.99;0.29;2.74;White;7.05;0.94;3.7;784;2
74;13.31;2.03;2.25;16.4;129;3.35;3.29;0.31;2.39;White;6.76;0.86;3.56;962;1
75;13.36;2.09;2.69;18.9;102;2.8;3.15;0.37;2.36;Red;5.65;1.03;3.37;841;0
76;13.31;2.03;2.17;19.08;123;3.62;3.35;0.25;2.03;Red;4.93;0.94;3.08;852;2
77;13.21;2.46;2.66;14.18;118;2.84;3.12;0.27;2.32;Red;4.72;0.97;3.02;846;0
78;13.26;2.38;2.64;16.6;118;3.1;3.24;0.25;2.18;Red;7.19;0.92;3.06;801;2
79;14.27;1.76;2.52;20.89;107;3.33;3.1;0.24;2.3;Rosé;6.02;0.9;3.38;1225;2
80;14.27;2.08;2.75;15.01;107;3.8;3.15;0.29;1.93;Red;6.01;0.91;3.08;1026;0
81;14.14;2.5;2.48;12.5;125;3.29;3.16;0.36;2.43;White;5.9;0.98;3.03;879;2
82;13.75;1.72;2.17;18.5;114;2.8;2.88;0.38;2.76;Rosé;7.65;0.98;3.52;1347;2
83;13.85;2.14;2.35;18.28;111;3.57;2.87;0.27;2.68;Rosé;6.32;0.96;2.95;1160;1
84;14.19;2.34;2.28;12.09;103;3.77;2.97;0.24;2.8;Red;4.85;0.96;3.14;1266;2
85;13.88;2.38;2.9;12.49;109;2.7;3.09;0.28;2.54;Rosé;5.15;0.94;3.5;1436;1
86;14.14;2.44;2.78;14.08;116;3.6;3.02;0.27;2.23;Red;7.48;1.0;3.19;1282;0
87;13.95;1.85;2.65;11.46;121;2.97;2.92;0.36;1.98;Rosé;6.9;0.88;3.36;1045;1
88;13.25;1.83;2.6;12.77;107;3.66;3.46;0.36;1.89;Red;5.76;0.98;3.42;1421;0
89;13.46;2.35;2.88;19.07;107;3.18;3.47;0.32;2.62;Red;4.85;0.91;3.81;1233;1
90;13.58;2.58;2.32;11.29;103;3.24;3.16;0.3;2.14;White;5.93;0.98;3.66;836;0
91;13.45;2.01;2.38;11.72;120;2.92;3.45;0.38;1.92;Red;6.21;0.92;2.94;1456;1
92;14.0;2.24;2.46;12.35;120;3.75;2.68;0.26;1.85;Rosé;7.71;0.96;3.55;1310;1
93;14.27;2.58;2.66;19.64;111;3.66;3.12;0.29;2.78;White;7.69;1.01;2.93;880;1
94;13.14;2.11;2.77;17.25;123;3.66;3.08;0.24;2.52;White;6.37;0.94;3.18;1391;2
95;14.48;2.3;2.4;16.45;118;3.65;2.81;0.29;2.61;White;5.36;1.0;3.36;1132;0
96;13.42;1.96;2.63;16.61;112;2.95;3.02;0.36;2.02;Rosé;7.52;1.01;3.61;1014;1
97;13.81;2.18;2.64;13.0;111;3.48;2.99;0.35;2.14;Red;4.46;0.99;3.68;854;2
98;13.73;2.32;2.83;19.87;126;3.76;3.22;0.24;2.51;White;6.63;0.99;3.0;922;1
99;13.63;2.48;2.2;17.4;106;2.8;2.79;0.28;1.93;Rosé;5.79;1.02;3.82;1110;2
100;13.27;2.05;2.69;15.53;112;2.63;2.87;0.34;1.84;Red;7.64;0.94;3.82;1255;1
101;13.58;2.16;2.44;18.41;124;3.37;2.96;0.32;2.09;Rosé;5.89;0.97;3.0;1245;2
102;13.96;2.16;2.3;14.73;102;3.38;3.23;0.28;1.95;White;5.81;1.01;3.83;785;2
103;13.98;2.2;2.62;19.36;113;3.68;3.33;0.32;2.33;Red;6.47;1.03;3.92;1261;0
104;13.15;1.74;2.42;12.16;113;3.04;3.17;0.27;1.95;White;7.17;0.98;3.47;953;2
105;13.19;2.27;2.5;17.03;103;3.24;3.02;0.31;2.66;Rosé;6.08;0.87;3.74;1003;1
106;14.12;2.19;2.31;16.22;120;3.12;2.88;0.24;2.35;White;7.15;1.02;3.15;917;0
107;13.26;1.84;2.59;18.18;119;2.75;2.87;0.37;2.36;Rosé;7.17;0.89;3.26;1318;0
108;13.07;2.34;2.29;17.51;126;2.73;3.02;0.37;2.27;Rosé;6.76;1.02;3.34;1300;2
109;13.14;2.39;2.21;11.96;114;2.72;3.26;0.27;2.19;Red;4.47;0.91;3.65;1476;0
110;14.25;2.05;2.8;16.76;125;3.39;3.48;0.23;2.82;White;5.23;0.92;3.52;1314;0
111;13.32;2.6;2.37;20.55;129;3.41;2.71;0.31;2.18;Red;6.98;0.99;2.94;1171;1
112;14.21;2.18;2.53;12.33;125;3.12;2.88;0.35;2.22;White;4.62;0.97;3.41;1028;0
113;14.16;2.1;2.3;20.21;118;2.75;2.75;0.36;2.25;Red;5.13;1.01;3.42;999;0
114;13.88;1.84;2.65;17.86;109;3.06;2.89;0.32;2.71;White;4.44;0.87;3.82;943;1
115;13.65;2.1;2.11;20.25;113;3.49;3.15;0.37;2.63;White;5.39;1.01;3.71;830;2
116;14.24;1.74;2.77;19.0;108;3.16;2.98;0.3;2.02;Rosé;5.93;0.97;3.7;867;2
117;13.71;1.95;2.14;16.28;127;3.52;2.85;0.27;2.22;Red;6.67;0.99;3.06;932;2
118;13.59;2.03;2.77;13.21;107;3.04;2.8;0.26;2.37;White;7.63;0.93;3.28;1280;2
119;13.75;2.03;2.54;18.91;107;3.61;2.88;0.26;2.63;Rosé;4.37;1.04;3.22;1151;0
120;14.32;2.36;2.42;18.37;124;3.84;3.22;0.27;2.66;Rosé;4.95;0.89;3.78;847;2
121;13.43;2.18;2.73;14.63;120;2.79;2.98;0.35;2.03;Rosé;7.6;1.03;3.86;1041;2
122;14.05;2.22;2.64;13.94;109;3.4;3.41;0.38;2.47;Rosé;6.27;1.02;3.49;1061;0
123;13.65;2.27;2.22;12.67;109;3.52;2.81;0.38;2.2;White;6.8;1.04;3.49;1365;2
124;13.03;2.39;2.88;13.47;124;2.98;3.32;0.32;2.5;White;7.71;0.95;3.17;1043;0
125;14.32;2.57;2.46;20.53;115;3.67;3.29;0.3;1.97;White;6.41;0.91;3.49;1203;0
126;13.12;2.25;2.37;15.06;109;3.62;3.03;0.28;2.2;Red;4.91;1.03;3.73;1224;2
127;13.73;2.5;2.73;19.72;128;2.8;2.98;0.31;2.53;Red;5.93;1.02;3.74;1087;2
128;13.3;1.93;2.57;14.6;121;2.77;2.86;0.36;2.76;Rosé;6.52;0.89;3.74;1003;1
129;13.18;2.27;2.57;18.37;106;2.88;3.34;0.34;2.21;White;6.03;0.96;3.37;1047;1
130;13.98;2.07;2.39;12.33;106;2.78;3.04;0.23;2.75;Red;7.26;0.95;3.47;745;2
131;14.28;1.86;2.84;12.19;130;3.1;2.95;0.27;2.33;White;4.91;0.97;3.59;1394;2
132;13.92;2.04;2.79;17.88;127;2.94;3.41;0.23;1.93;Rosé;5.72;0.87;3.91;1321;2
133;13.94;2.48;2.43;14.25;117;3.04;2.95;0.38;2.21;White;6.45;0.94;3.45;894;2
134;13.29;2.23;2.28;16.3;123;3.32;3.44;0.27;2.69;Rosé;4.98;0.89;3.37;1150;1
135;13.23;1.88;2.26;19.0;112;3.9;2.95;0.27;2.21;White;7.39;0.88;2.96;1342;1
136;14.09;1.93;2.58;20.79;127;2.61;2.78;0.28;2.79;White;6.28;1.04;3.16;1302;2
137;13.42;2.57;2.21;15.54;130;2.83;2.82;0.28;2.61;White;4.88;0.89;2.96;1433;1
138;13.37;2.27;2.78;14.25;124;3.08;3.02;0.28;1.85;White;5.03;1.04;3.84;1129;0
139;13.22;1.78;2.89;12.66;113;3.48;2.81;0.29;2.0;Rosé;6.97;0.93;3.84;826;1
140;14.02;2.1;2.64;15.32;103;2.62;2.7;0.29;1.94;Red;7.63;1.04;3.21;897;2
141;13.35;1.83;2.51;19.26;120;2.76;2.87;0.28;2.35;Red;4.56;1.04;3.07;1165;0
142;13.57;2.55;2.73;17.56;119;2.87;2.82;0.34;1.95;Rosé;7.18;0.92;3.35;834;0
143;14.35;2.36;2.78;17.33;113;3.03;2.77;0.26;2.32;White;6.1;0.92;3.69;783;0
144;13.36;2.12;2.71;18.19;118;2.93;3.33;0.32;2.17;White;4.83;0.89;3.55;970;1
145;14.4;2.22;2.82;19.21;105;2.87;3.39;0.34;2.19;White;7.75;1.04;3.62;906;2
146;13.78;2.01;2.36;12.79;122;2.6;2.75;0.32;2.64;Red;6.71;0.88;3.45;1202;0
147;13.97;2.09;2.82;19.15;110;2.82;3.18;0.31;2.33;White;5.2;0.93;3.54;1173;1
148;14.11;2.02;2.81;14.28;102;3.32;3.21;0.36;1.83;Red;4.54;0.99;3.69;1123;0
149;13.26;2.43;2.81;16.49;118;3.52;3.13;0.27;2.56;Rosé;6.85;0.9;3.02;1258;1
150;13.75;2.12;2.25;18.54;103;3.34;3.29;0.34;2.56;White;6.71;0.89;3.83;868;1
151;14.44;2.39;2.38;18.6;117;2.81;3.43;0.3;2.34;White;5.22;0.96;3.53;737;2
152;13.72;2.16;2.76;20.16;115;3.05;3.25;0.35;2.37;Rosé;4.85;0.91;3.2;1348;0
153;13.65;2.56;2.66;11.69;130;3.46;3.08;0.32;2.78;Red;5.47;0.98;3.47;1404;0
154;13.4;2.2;2.74;13.46;117;3.29;2.81;0.25;2.39;Red;4.52;0.98;3.49;1052;0
155;13.61;1.79;2.89;17.46;102;3.4;3.35;0.38;2.34;Red;6.8;0.95;3.3;1161;2
156;13.43;2.22;2.59;11.95;122;3.49;2.78;0.31;2.74;White;7.48;0.9;3.43;1124;0
157;13.03;1.79;2.75;12.83;103;3.07;3.44;0.32;2.54;Rosé;7.04;0.91;3.28;836;0
158;14.18;2.32;2.28;12.82;118;3.42;3.46;0.23;1.97;White;5.23;0.97;3.89;1160;2
159;13.15;2.13;2.42;19.8;105;3.2;2.88;0.32;1.97;Rosé;7.6;0.99;3.55;1435;2
160;13.53;2.45;2.87;20.05;106;3.03;3.35;0.33;1.83;Rosé;7.64;0.87;3.41;1317;0
161;14.14;2.39;2.2;18.13;115;2.66;3.13;0.38;2.01;White;7.3;0.94;3.86;1384;0
162;13.91;2.28;2.2;13.09;119;3.09;2.85;0.3;2.78;White;6.16;1.04;3.31;766;2
163;13.94;2.53;2.63;18.35;107;2.6;3.37;0.31;2.63;Rosé;6.24;1.01;3.12;1176;0
164;13.15;1.73;2.84;18.94;116;2.61;2.77;0.29;2.08;White;7.76;0.89;3.18;824;0
165;14.42;2.1;2.82;15.55;115;3.42;2.8;0.38;2.28;Red;6.05;0.92;3.83;1382;0
166;13.89;2.22;2.89;19.89;118;3.3;3.46;0.23;2.77;Rosé;6.8;0.98;3.83;1145;0
167;13.58;1.93;2.13;17.51;113;2.76;2.96;0.24;2.82;Red;4.33;0.91;3.32;1316;0
168;13.97;2.08;2.12;15.8;105;3.53;2.83;0.33;2.22;Rosé;5.31;0.97;3.52;1341;2
169;13.32;1.81;2.46;13.57;108;3.05;2.82;0.26;1.9;Rosé;5.57;0.94;3.91;912;1
170;13.85;2.56;2.24;18.7;118;3.83;2.89;0.36;2.08;Red;5.17;1.04;3.48;1145;0
171;13.76;1.92;2.62;18.59;129;3.01;3.26;0.29;2.72;Red;5.26;0.93;3.0;923;2
172;13.45;2.58;2.66;15.07;124;3.69;2.97;0.27;2.8;Red;6.5;0.92;3.5;836;1
173;13.65;2.27;2.52;20.58;109;3.2;2.99;0.35;2.52;Red;4.49;0.87;3.9;844;2
174;13.54;2.18;2.49;17.48;105;3.19;2.65;0.39;2.46;White;6.71;1.01;3.35;1116;1
175;13.68;2.28;2.72;18.79;122;3.44;2.66;0.32;2.2;Rosé;6.98;0.92;3.33;792;1
176;13.31;1.88;2.27;16.92;128;3.55;2.85;0.31;2.75;Red;4.56;0.95;3.41;999;0
177;13.25;1.99;2.39;12.47;130;2.64;2.81;0.27;2.67;Red;6.37;0.97;3.33;1131;0
178;13.56;2.12;2.89;18.9;112;3.55;3.22;0.36;1.9;Rosé;6.92;0.98;3.21;1317;0
179;13.14;2.01;2.12;13.66;110;2.78;3.41;0.29;1.95;Rosé;5.32;0.97;3.46;780;0
180;13.31;1.85;2.89;19.62;108;3.43;3.26;0.27;2.81;Rosé;7.44;0.87;3.6;1138;0
181;13.45;2.59;2.47;20.63;106;3.68;2.89;0.32;1.9;Red;5.25;0.89;3.06;1139;1
182;13.61;1.84;2.89;17.08;128;3.27;3.2;0.31;2.62;Rosé;6.8;0.86;3.09;1296;0
183;13.88;1.94;2.68;12.62;129;3.05;3.32;0.35;2.22;White;7.08;1.05;3.89;1224;1
184;13.64;2.07;2.19;11.75;127;3.7;3.4;0.24;1.88;Red;6.76;0.96;3.92;1089;1
185;13.16;1.73;2.43;16.05;125;2.66;2.86;0.32;2.13;Red;7.58;0.88;2.96;1078;1
186;14.15;2.29;2.89;15.03;115;3.3;2.94;0.33;2.26;Red;5.16;0.96;3.37;1435;1
187;13.89;2.13;2.72;18.57;126;2.66;3.1;0.25;2.58;Red;5.28;0.94;2.94;800;0
188;13.34;2.19;2.31;13.47;121;3.53;3.36;0.29;2.65;White;5.69;0.99;3.62;765;2
189;14.36;2.39;2.19;20.24;112;3.71;3.22;0.36;2.41;Red;4.93;0.87;3.86;761;0
190;14.46;2.51;2.64;13.98;117;3.01;2.88;0.34;2.61;Rosé;5.55;0.87;3.64;1041;1
191;13.62;2.5;2.75;15.13;112;3.26;2.85;0.33;1.93;Red;6.83;0.97;3.66;914;1
192;14.18;1.89;2.3;13.08;122;3.61;3.47;0.37;2.51;Red;5.1;0.95;3.56;1233;1
193;13.54;2.18;2.65;18.39;110;3.47;2.97;0.3;2.14;Rosé;6.99;0.88;3.29;1189;1
194;13.51;2.02;2.5;11.92;106;3.67;2.95;0.34;2.61;White;7.02;0.93;3.73;1054;0
195;13.01;2.09;2.49;20.15;104;3.3;3.3;0.31;2.0;Red;5.59;0.9;2.93;986;1
196;14.39;2.48;2.76;18.75;120;3.67;2.74;0.36;2.67;Red;5.23;0.9;3.26;1213;2
197;13.74;2.2;2.18;11.47;115;3.08;3.02;0.37;2.22;Rosé;7.18;0.95;3.69;1431;0
198;14.0;2.19;2.88;18.76;107;3.44;2.74;0.25;2.23;Rosé;6.35;0.94;3.53;1364;0
199;14.39;1.88;2.78;11.96;103;2.89;3.39;0.31;2.71;White;7.43;1.03;3.58;790;2
200;13.37;1.75;2.13;11.46;129;3.79;3.01;0.31;1.84;Red;6.99;0.97;3.36;804;0
201;14.17;1.88;2.87;15.89;110;3.03;3.34;0.3;2.32;Rosé;5.17;1.04;3.77;1341;1
202;13.92;2.55;2.56;20.37;123;3.53;3.27;0.29;2.38;Rosé;5.25;1.04;3.2;829;2
203;13.34;2.39;2.36;16.3;102;3.04;2.68;0.37;2.79;White;7.05;0.9;3.36;905;1
204;13.88;1.76;2.66;16.19;108;3.35;3.26;0.32;2.24;White;4.92;1.04;3.3;1106;1
205;13.42;2.52;2.61;17.31;113;2.85;2.73;0.33;1.95;White;6.16;1.0;3.6;894;1
206;14.14;1.76;2.15;19.89;111;2.75;3.46;0.33;2.23;Rosé;7.18;0.92;3.64;1455;1
207;13.25;2.55;2.75;16.08;111;3.87;3.5;0.32;2.46;White;5.12;0.94;3.45;946;2
208;14.45;1.71;2.38;18.64;128;3.7;2.86;0.33;2.54;Rosé;7.63;0.95;3.87;761;0
209;14.4;2.04;2.76;17.3;118;3.0;2.98;0.25;2.8;Rosé;4.92;0.97;3.23;848;0
210;13.53;2.2;2.68;12.84;124;3.64;3.08;0.35;2.31;White;4.59;0.87;3.74;864;0
211;14.29;1.87;2.25;14.55;126;3.13;3.24;0.38;2.64;Red;6.61;0.96;3.36;1281;1
212;14.43;2.32;2.64;12.23;116;3.47;3.13;0.34;2.26;Red;6.39;0.95;3.1;1101;1
213;14.1;2.14;2.18;16.44;126;2.72;2.72;0.25;2.71;White;6.84;0.86;2.99;1180;2
214;13.7;1.79;2.28;11.73;116;2.67;3.15;0.25;2.39;Red;6.48;0.97;2.98;1344;1
215;14.34;2.12;2.4;18.46;127;3.29;2.95;0.27;2.21;Red;6.55;0.96;3.68;866;0
216;13.18;2.48;2.56;16.41;105;2.98;3.46;0.31;2.21;White;7.73;0.86;3.25;1307;0
217;13.5;2.32;2.62;13.92;125;3.4;2.71;0.39;2.42;White;7.57;0.91;3.26;1307;0
218;14.26;2.22;2.69;14.29;109;2.7;2.86;0.34;2.38;Rosé;6.64;0.88;3.91;1401;1
219;13.56;2.45;2.59;19.35;113;3.67;2.82;0.28;2.67;Red;5.22;0.86;3.13;1193;1
220;13.13;2.24;2.14;18.33;113;3.66;2.96;0.37;2.07;Red;7.75;0.87;3.28;1325;2
221;14.14;2.43;2.8;15.24;107;2.89;2.75;0.32;1.9;Red;7.25;1.01;2.95;1063;1
222;13.23;1.87;2.3;15.56;124;3.74;3.05;0.26;2.33;Rosé;7.57;0.95;3.36;796;2
223;14.15;2.45;2.12;12.49;126;3.09;3.24;0.35;2.64;Rosé;5.8;0.89;3.46;1363;1
224;13.28;2.53;2.49;20.28;119;3.77;3.09;0.35;2.5;White;6.45;0.95;3.48;782;0
225;13.15;2.24;2.16;17.9;121;2.95;3.31;0.36;2.34;Red;7.38;1.01;3.81;824;1
226;14.18;2.44;2.67;13.57;103;3.16;2.78;0.37;1.82;White;5.77;0.99;2.93;1238;1
227;14.17;1.91;2.66;11.96;103;3.28;3.12;0.32;2.47;Red;6.88;1.0;3.23;1467;1
228;13.25;1.73;2.31;19.66;114;3.06;3.04;0.38;2.51;Rosé;7.44;0.99;2.95;861;2
229;14.38;2.0;2.82;14.64;118;2.93;3.25;0.26;2.53;Red;4.72;0.98;3.67;1131;1
230;14.22;1.86;2.25;20.81;122;3.71;3.35;0.26;2.47;Rosé;6.45;1.0;3.05;836;2
231;13.53;2.47;2.41;20.29;130;3.4;3.1;0.37;2.65;Rosé;6.33;1.01;3.64;973;1
232;14.13;1.92;2.61;16.75;120;3.87;3.14;0.29;1.98;Rosé;5.98;0.98;3.44;1343;1
233;13.5;2.07;2.67;20.26;115;2.7;3.01;0.38;2.4;White;6.98;0.98;3.8;1381;1
234;13.93;2.55;2.17;17.5;127;3.37;2.75;0.31;2.38;White;5.96;0.93;3.2;985;0
235;13.69;2.26;2.44;17.81;117;3.02;3.11;0.37;1.92;Red;5.33;1.04;3.73;897;1
236;14.07;2.19;2.23;14.29;122;3.43;2.84;0.25;2.44;Rosé;7.01;0.91;3.63;1275;0
237;13.5;2.39;2.58;18.22;113;3.43;3.12;0.25;2.29;White;7.67;1.04;3.47;1073;1
238;13.28;2.52;2.66;13.13;123;2.74;3.43;0.36;1.92;Red;7.76;0.89;3.75;959;0
239;13.26;2.12;2.82;19.09;109;2.8;2.65;0.31;2.68;White;5.87;1.0;2.98;1144;0
240;14.34;2.17;2.24;12.3;121;3.68;3.19;0.23;2.33;White;7.56;0.88;3.51;817;0
241;13.42;1.82;2.35;16.32;104;3.38;2.8;0.38;2.12;Red;4.53;0.87;2.94;1378;0
242;13.79;2.26;2.25;20.41;105;2.67;3.49;0.31;1.85;Rosé;4.36;0.92;3.06;1144;2
243;14.33;2.03;2.31;11.83;122;2.79;2.91;0.34;2.01;White;4.89;0.9;3.05;991;0
244;13.83;1.8;2.38;20.07;108;2.81;2.97;0.26;2.15;Red;7.19;0.89;3.9;1458;2
245;13.13;1.76;2.68;17.98;105;2.89;3.48;0.32;2.63;White;7.74;0.93;3.66;845;0
246;14.43;2.06;2.27;19.48;119;3.18;3.47;0.33;2.04;White;7.7;0.9;3.18;770;2
247;13.02;1.86;2.3;13.02;118;2.7;3.21;0.38;1.86;White;6.16;0.9;3.46;893;1
248;13.89;1.94;2.4;12.37;110;2.73;3.5;0.28;2.26;Rosé;5.62;1.05;3.0;753;1
249;13.64;1.74;2.57;13.03;119;2.88;3.42;0.28;2.3;Red;7.61;1.04;3.25;1346;2
250;13.22;2.6;2.84;15.82;117;2.82;2.65;0.37;2.13;White;4.87;0.94;3.22;851;0
251;14.18;1.73;2.42;18.34;111;3.45;3.24;0.38;2.62;White;5.54;1.0;2.96;1181;2
252;13.66;1.96;2.46;20.95;104;2.68;3.25;0.31;2.23;White;5.1;0.95;3.36;1003;0
253;13.53;2.39;2.79;12.5;114;2.74;3.15;0.32;2.68;Red;6.78;0.96;3.12;1176;1
254;13.55;2.32;2.12;16.22;104;3.88;2.84;0.25;2.79;Rosé;7.38;1.05;3.18;975;1
255;13.18;1.99;2.55;12.2;113;2.94;3.43;0.36;2.81;White;4.58;1.0;3.43;1134;1
256;13.48;2.08;2.24;13.42;122;3.56;2.94;0.35;2.67;Red;5.02;0.99;3.08;1227;2
257;13.87;1.94;2.84;14.25;120;2.82;3.14;0.33;2.66;Red;7.34;0.99;3.48;952;0
258;13.45;2.34;2.2;17.99;123;2.7;2.84;0.26;2.68;White;6.54;0.94;3.55;760;0
259;13.44;1.88;2.38;13.9;119;3.47;3.04;0.25;2.2;Rosé;5.18;1.04;3.0;1090;1
260;14.27;1.86;2.65;19.27;128;2.99;2.97;0.34;2.44;Rosé;5.08;0.87;3.73;1301;2
261;13.77;1.94;2.6;11.45;128;2.97;3.13;0.28;2.81;Red;4.61;1.01;3.65;1365;0
262;13.75;1.88;2.17;15.18;103;2.91;3.15;0.34;2.67;Red;6.49;0.93;2.98;1055;2
263;13.7;2.03;2.63;19.45;121;3.63;3.3;0.29;2.28;White;7.09;0.9;3.12;945;2
264;13.99;1.77;2.44;20.71;119;2.9;2.96;0.35;2.39;Red;4.84;0.91;3.29;1105;0
265;14.3;1.87;2.58;19.45;120;3.53;2.69;0.33;2.34;White;5.28;0.9;3.43;1284;0
266;14.23;2.2;2.67;16.25;126;3.79;2.93;0.26;2.39;White;5.88;0.98;3.16;1269;0
267;14.36;2.5;2.32;20.32;105;3.26;3.04;0.28;2.34;White;5.08;0.92;3.34;1378;0
268;14.09;1.78;2.77;18.75;105;2.62;3.1;0.25;2.72;Rosé;6.48;0.89;3.39;1205;2
269;14.38;2.2;2.23;20.47;120;3.03;3.18;0.35;2.12;Rosé;6.45;1.01;3.69;1419;1
270;13.91;1.74;2.67;18.29;108;3.34;2.85;0.28;2.8;Red;7.1;0.91;3.16;806;0
271;13.85;2.06;2.32;12.21;115;3.35;2.79;0.3;2.29;White;5.46;0.96;3.34;1055;2
272;13.2;1.77;2.52;19.88;110;3.62;3.02;0.32;1.93;Rosé;6.52;0.89;3.46;843;1
273;14.27;2.41;2.14;18.98;126;2.74;3.18;0.36;2.81;White;4.36;1.02;3.18;775;1
274;13.42;2.47;2.35;18.1;117;3.71;2.84;0.24;2.08;Red;7.23;0.9;3.79;1033;2
275;13.8;2.08;2.87;18.59;124;3.1;2.77;0.33;2.25;Rosé;7.39;1.0;3.05;1359;1
276;14.28;1.97;2.53;14.08;125;3.49;2.86;0.35;2.63;White;5.63;0.87;3.25;979;2
277;13.28;2.5;2.34;12.08;121;2.87;2.77;0.26;2.01;Rosé;7.58;0.98;3.5;947;2
278;14.05;2.57;2.65;12.26;102;3.58;3.1;0.29;2.27;White;5.69;0.99;3.35;1175;0
279;14.02;1.7;2.76;11.36;107;3.51;3.16;0.27;2.02;Rosé;5.27;0.91;3.24;1014;0
280;13.18;2.33;2.17;14.22;105;2.86;2.99;0.35;1.87;Red;6.06;1.04;3.91;1391;2
281;13.35;2.58;2.11;17.39;102;2.96;3.4;0.23;2.1;White;7.34;1.04;3.52;1417;1
282;14.43;2.53;2.35;13.19;117;2.7;3.2;0.38;2.71;White;6.9;0.95;3.26;986;1
283;14.23;2.04;2.65;17.7;130;2.77;2.8;0.35;2.5;Red;5.72;0.94;3.42;1456;0
284;14.33;2.17;2.78;17.64;103;2.66;3.2;0.29;2.64;Red;5.1;1.02;3.58;1335;0
285;14.33;2.4;2.25;15.97;124;2.99;2.77;0.36;2.17;Red;6.72;1.01;3.48;1270;2
286;14.01;2.5;2.79;17.0;121;3.25;3.33;0.34;1.89;Red;4.69;0.87;3.15;1366;2
287;13.64;2.1;2.51;16.26;125;3.12;3.1;0.25;2.25;White;7.4;0.9;3.89;1450;2
288;13.94;2.14;2.34;13.76;129;3.83;3.05;0.36;1.85;White;5.17;1.05;3.83;1003;1
289;13.36;2.37;2.64;17.51;117;2.92;3.07;0.34;2.21;Red;5.38;1.02;3.62;1220;1
290;13.92;1.81;2.72;16.22;122;3.56;3.08;0.29;2.65;Rosé;6.82;1.05;3.01;839;0
291;13.71;1.92;2.4;17.88;102;3.27;3.37;0.29;2.75;White;6.64;1.01;3.33;1030;1
292;14.1;1.85;2.16;20.47;109;3.66;3.19;0.33;2.37;Rosé;6.89;1.03;3.12;1302;2
293;13.7;1.75;2.48;13.71;103;3.68;2.68;0.28;2.46;White;5.07;0.95;3.56;868;2
294;14.12;1.75;2.2;15.87;120;3.64;3.4;0.26;1.81;Red;6.33;0.9;3.38;890;1
295;13.36;1.89;2.55;19.35;103;3.85;2.75;0.29;2.16;Red;6.29;0.97;3.8;1295;0
296;13.16;2.55;2.87;13.07;109;3.33;3.35;0.25;2.71;White;7.07;1.05;3.9;1041;0
297;13.9;2.29;2.69;14.0;104;3.2;3.32;0.36;1.84;Red;5.1;0.89;3.06;852;0
298;13.31;2.06;2.17;16.51;128;2.9;3.2;0.32;1.94;Rosé;7.52;0.97;3.43;977;2
299;13.82;2.24;2.46;19.01;122;3.09;2.74;0.27;2.65;Red;6.43;1.04;3.58;762;2
300;14.04;2.59;2.51;17.62;105;2.93;3.14;0.27;2.66;Red;4.77;0.96;3.55;1165;0
301;14.34;2.06;2.38;18.3;108;3.29;3.29;0.3;1.94;Rosé;4.42;0.98;3.72;1105;0
302;13.84;2.22;2.82;20.8;121;3.63;2.8;0.29;2.04;Rosé;6.69;0.96;3.13;783;2
303;13.49;2.17;2.47;16.55;121;3.01;3.0;0.36;2.54;Red;5.25;1.04;3.01;1193;1
304;13.6;2.04;2.4;14.09;123;3.67;2.91;0.29;1.94;Red;6.78;0.97;3.89;815;0
305;13.39;2.12;2.71;16.57;124;2.97;3.38;0.24;2.13;Rosé;6.96;0.99;3.82;963;2
306;14.1;2.36;2.21;15.6;104;3.78;2.74;0.26;2.7;Rosé;6.11;0.87;3.76;894;2
307;14.44;1.77;2.34;14.81;117;3.11;2.69;0.25;2.21;White;5.84;0.99;2.97;1283;1
308;13.02;2.05;2.2;18.42;127;3.22;3.25;0.26;2.56;White;5.77;1.04;2.99;926;2
309;13.28;1.9;2.22;18.19;108;3.04;2.81;0.35;2.38;Red;6.7;0.94;3.56;1357;0
310;13.77;1.81;2.49;18.56;113;3.54;3.34;0.32;2.7;White;6.66;0.98;3.38;1257;1
311;13.55;2.2;2.33;20.69;121;3.2;2.78;0.36;2.53;Rosé;6.34;1.02;3.04;945;0
312;13.69;1.88;2.59;17.14;104;3.21;3.27;0.32;1.94;Red;4.74;0.92;3.49;808;2
313;13.22;2.27;2.61;20.52;114;3.65;2.79;0.3;2.11;White;5.1;0.95;3.09;936;0
314;13.67;1.93;2.29;16.84;117;3.41;3.44;0.36;2.21;White;4.59;0.88;3.05;897;1
315;14.35;1.85;2.78;20.99;124;3.82;3.0;0.25;2.51;Rosé;7.67;0.98;3.29;1348;1
316;14.17;2.02;2.18;15.75;114;2.74;3.12;0.37;2.72;White;7.59;1.02;3.73;833;2
317;13.4;2.05;2.26;19.15;115;3.44;2.96;0.37;2.28;White;6.32;1.05;3.43;798;0
318;13.73;2.13;2.12;15.16;114;3.06;3.23;0.31;2.64;Rosé;5.57;1.03;3.38;738;2
319;13.97;1.94;2.67;12.93;118;2.86;2.9;0.3;2.68;Red;4.92;1.0;3.45;809;0
320;13.49;1.88;2.49;13.69;124;2.79;2.74;0.23;1.92;Red;6.0;1.01;3.15;1160;0
321;13.5;1.88;2.23;18.14;113;2.75;2.97;0.32;2.38;White;4.96;0.91;3.7;1459;0
322;13.53;2.0;2.85;20.53;103;2.81;3.2;0.34;2.12;White;5.39;1.01;3.62;862;2
323;13.12;2.49;2.44;14.97;114;2.67;3.23;0.27;2.55;Rosé;5.39;0.88;3.28;1431;0
324;14.06;2.59;2.67;20.9;114;3.07;2.68;0.28;1.9;White;6.9;0.96;3.1;1415;1
325;13.85;2.35;2.28;14.67;116;3.22;3.33;0.37;2.62;Red;5.14;0.93;3.44;936;0
326;13.65;1.97;2.64;16.95;127;3.43;3.33;0.33;2.8;Red;5.05;0.96;3.55;758;2
327;14.03;2.04;2.82;13.22;110;3.11;2.82;0.27;2.27;White;7.8;0.89;3.59;1116;2
328;14.08;2.04;2.34;16.03;116;3.66;3.23;0.26;2.03;Rosé;5.7;0.91;3.03;1311;0
329;13.13;2.51;2.84;20.47;127;2.72;2.82;0.27;1.95;White;6.08;0.89;3.85;873;0
330;13.88;2.5;2.26;13.95;127;3.63;2.74;0.37;2.46;White;4.81;0.98;3.0;1305;0
331;13.29;2.41;2.45;11.72;110;3.46;2.95;0.25;2.75;White;7.07;1.01;3.31;980;0
332;13.2;1.89;2.88;18.0;109;2.65;2.95;0.28;1.81;Rosé;5.29;0.97;3.81;1250;1
333;13.69;1.91;2.75;12.95;110;3.09;3.13;0.36;2.63;Rosé;4.72;1.04;3.24;873;0
334;13.23;2.39;2.12;11.32;129;2.92;3.35;0.34;1.85;White;7.69;0.89;3.39;908;2
335;14.23;2.43;2.88;15.3;119;3.18;2.7;0.28;2.74;Red;5.1;1.03;3.51;840;0
336;14.02;2.53;2.21;17.07;109;3.78;3.14;0.29;2.35;White;6.36;0.98;3.08;1021;0
337;14.14;2.06;2.59;17.38;126;2.83;3.11;0.24;2.66;Rosé;7.18;0.95;3.42;1193;2
338;14.45;1.8;2.13;12.21;125;3.62;2.97;0.29;2.49;Rosé;6.05;1.03;3.53;908;1
339;13.64;1.73;2.65;18.58;120;3.02;3.48;0.3;2.65;Rosé;4.88;1.04;2.97;891;1
340;14.17;2.31;2.79;16.39;104;3.52;2.92;0.33;2.59;Red;7.73;0.91;3.84;1455;0
341;14.08;1.96;2.17;14.35;108;2.98;2.94;0.27;2.75;Red;6.06;0.87;3.53;907;1
342;13.23;1.87;2.75;15.38;125;3.37;2.68;0.25;2.56;White;4.82;0.87;3.91;1167;2
343;13.18;2.07;2.89;13.32;122;3.29;3.4;0.35;2.07;Rosé;7.6;1.05;3.06;1205;1
344;13.27;2.47;2.26;13.46;126;2.85;2.67;0.25;2.8;Red;4.91;0.86;3.18;957;0
345;13.43;1.98;2.85;19.09;125;3.23;2.86;0.24;2.58;Red;6.86;1.05;3.63;1443;0
346;13.6;2.18;2.13;18.73;116;3.67;3.47;0.3;2.45;Red;5.57;0.97;3.74;899;1
347;13.85;2.08;2.45;20.52;129;2.93;3.03;0.26;2.2;Rosé;7.17;0.94;3.83;1248;0
348;13.25;2.05;2.47;13.99;115;2.95;3.18;0.33;2.62;White;7.51;0.96;3.77;1316;1
349;13.47;1.7;2.32;14.34;111;2.78;2.86;0.28;2.22;Rosé;6.8;0.94;3.33;1388;0
350;13.21;1.99;2.27;13.09;108;3.49;3.38;0.28;1.97;Red;7.35;0.92;3.27;1345;1
351;13.94;1.88;2.86;20.09;109;2.76;3.29;0.23;2.2;White;4.9;0.88;3.76;1229;1
352;14.49;1.98;2.55;18.41;107;2.81;2.88;0.28;2.3;White;6.23;0.93;3.73;939;0
353;13.56;2.37;2.24;12.65;106;3.84;2.67;0.33;1.89;Rosé;6.8;0.9;3.19;1191;2
354;13.91;2.6;2.69;19.86;121;3.03;3.3;0.28;2.12;Rosé;4.88;0.87;3.75;988;2
355;14.04;2.43;2.31;18.44;122;3.69;3.48;0.27;2.17;Red;5.27;0.95;3.54;1213;2
356;14.03;2.04;2.76;13.14;114;3.29;3.09;0.27;2.59;Rosé;6.75;1.02;3.29;957;0
357;14.04;2.21;2.33;16.19;123;3.81;3.39;0.36;2.56;Rosé;7.52;0.9;3.31;1347;0
358;14.38;2.17;2.88;14.42;123;3.84;3.26;0.33;1.95;Red;7.55;1.04;3.46;1102;0
359;13.29;2.04;2.41;16.84;109;2.97;3.49;0.25;2.82;Rosé;5.67;1.02;3.34;816;0
360;13.68;2.14;2.74;14.18;115;3.39;3.22;0.35;2.57;White;4.63;1.0;3.89;764;2
361;13.59;2.1;2.12;11.24;130;2.6;2.86;0.36;2.16;White;7.36;0.92;3.0;917;1
362;14.08;2.28;2.24;20.15;107;3.35;3.32;0.28;2.72;Red;5.88;1.03;3.28;928;0
363;13.46;2.39;2.63;11.52;126;2.86;2.66;0.3;2.8;White;6.51;0.95;3.61;1331;1
364;13.37;1.9;2.21;20.99;111;3.48;3.25;0.37;2.33;White;5.12;1.04;3.17;920;1
365;13.03;1.99;2.24;15.79;111;2.94;3.25;0.36;2.09;Rosé;4.42;0.97;3.17;966;2
366;14.14;1.81;2.52;13.56;118;3.78;3.01;0.3;2.42;Red;6.37;0.97;3.67;825;2
367;14.08;2.18;2.58;19.83;103;3.59;2.77;0.23;2.09;White;6.54;0.91;3.87;1474;1
368;13.65;1.76;2.66;17.87;123;3.0;3.47;0.26;2.02;White;6.36;0.96;3.45;1304;1
369;14.12;2.45;2.29;11.54;130;3.36;3.04;0.29;2.53;Rosé;7.14;0.96;3.84;1389;1
370;13.13;1.92;2.71;13.27;116;2.66;2.88;0.32;2.34;White;4.51;0.86;3.12;939;2
371;13.87;2.24;2.88;14.67;113;3.88;2.95;0.35;1.91;Rosé;4.94;0.89;3.16;980;2
372;13.56;2.14;2.6;15.66;126;3.24;2.83;0.36;2.76;Red;6.36;1.0;3.23;1302;2
373;13.36;1.73;2.79;20.11;125;3.14;3.0;0.31;2.16;Red;4.54;1.04;3.6;1354;0
374;13.11;2.52;2.52;19.71;109;3.37;3.2;0.36;2.55;Rosé;4.77;0.92;3.55;959;2
375;13.91;1.8;2.61;17.19;103;3.01;3.14;0.25;2.74;Red;7.7;0.95;3.28;1401;1
376;14.38;2.2;2.21;12.17;104;3.35;2.84;0.26;1.98;White;6.33;0.86;3.42;1236;2
377;13.68;2.42;2.4;20.35;110;3.01;2.78;0.3;1.87;Red;6.61;0.9;3.9;925;0
378;13.5;1.85;2.79;19.4;115;3.18;2.72;0.35;1.99;Red;4.91;0.89;3.73;1408;1
379;13.45;1.89;2.72;15.17;118;2.9;3.25;0.27;2.79;Rosé;6.93;0.91;3.47;1191;1
380;14.29;1.89;2.11;17.27;109;3.77;2.72;0.3;2.07;Red;6.62;0.87;3.24;792;2
381;13.59;2.15;2.1;12.77;122;3.72;3.19;0.25;2.56;Rosé;6.26;0.92;3.62;1303;0
382;14.04;1.85;2.59;20.75;107;3.22;3.01;0.24;2.76;Red;6.16;1.0;3.81;1166;1
383;14.21;2.38;2.32;20.74;117;2.73;3.23;0.33;1.87;Red;6.05;0.98;3.52;738;0
384;14.17;1.91;2.45;16.49;130;3.32;2.87;0.38;2.11;Red;5.43;0.86;3.68;1162;0
385;13.36;1.72;2.89;14.82;127;2.64;2.68;0.25;2.16;Red;6.3;0.96;3.39;1308;0
386;14.25;2.57;2.31;20.42;104;2.91;3.05;0.3;2.6;Rosé;7.56;0.97;3.73;1308;2
387;14.36;2.32;2.49;17.71;119;3.79;3.03;0.3;2.01;Rosé;6.33;0.95;3.12;918;2
388;14.47;2.52;2.47;14.57;129;3.68;3.4;0.32;2.34;Red;7.03;0.9;3.22;750;0
389;13.75;2.08;2.48;14.27;108;2.88;2.66;0.38;2.24;White;6.88;0.93;3.9;889;0
390;13.54;2.43;2.68;16.93;129;3.71;3.4;0.23;2.11;White;7.1;1.0;2.98;1012;1
391;13.89;1.87;2.28;12.62;126;3.05;3.46;0.3;2.44;Red;5.16;0.98;3.48;1176;1
392;14.33;2.5;2.83;13.7;118;3.49;2.85;0.38;2.29;Red;6.25;0.98;2.96;1397;2
393;13.21;1.89;2.17;16.77;125;2.97;3.24;0.34;2.46;White;6.29;0.87;3.07;846;0
394;14.41;2.26;2.43;15.58;115;2.72;3.42;0.3;2.42;Rosé;5.28;1.02;3.89;835;1
395;13.55;2.03;2.53;18.31;116;2.82;3.38;0.26;2.27;White;6.63;1.05;3.34;1282;0
396;14.16;2.52;2.44;13.85;125;2.64;2.65;0.35;2.47;Rosé;5.22;1.0;3.41;892;0
397;13.26;2.36;2.16;13.07;117;3.8;3.33;0.31;1.99;Red;5.2;1.02;3.16;1324;0
398;14.47;2.42;2.71;16.01;119;3.24;3.49;0.3;2.35;Rosé;6.41;0.89;3.33;795;0
399;14.44;1.84;2.89;13.24;109;2.89;3.04;0.27;2.57;Rosé;7.8;1.0;3.6;986;2
400;13.46;2.36;2.88;14.26;128;3.67;2.72;0.3;2.44;White;6.07;0.93;3.34;1462;1
401;14.32;2.06;2.32;16.1;122;3.63;2.88;0.32;2.6;White;5.61;1.03;2.99;1146;0
402;14.07;2.42;2.89;18.27;107;3.14;3.05;0.24;2.47;Rosé;5.37;1.03;3.88;1392;0
403;14.43;1.81;2.53;12.03;118;3.04;2.8;0.28;2.8;Red;4.65;1.02;3.45;944;1
404;14.33;2.55;2.16;13.8;103;3.64;2.66;0.37;2.19;White;6.01;1.03;3.75;1091;2
405;13.54;1.78;2.59;13.44;115;3.55;3.45;0.37;2.14;Rosé;6.88;0.97;3.86;924;0
406;13.51;2.5;2.57;16.12;108;3.04;2.74;0.26;2.21;Red;6.47;0.95;2.96;1313;0
407;14.48;1.89;2.73;14.7;106;3.55;3.14;0.3;1.84;Rosé;4.54;0.87;2.96;950;2
408;13.17;1.75;2.26;14.78;124;3.12;2.73;0.27;2.42;Rosé;4.9;0.94;3.0;1352;1
409;13.04;2.46;2.3;20.36;102;3.35;2.66;0.31;2.77;Red;7.33;0.89;3.17;1320;2
410;13.41;1.92;2.21;15.13;106;3.67;3.16;0.31;2.61;White;6.05;0.96;3.5;1200;2
411;13.82;2.45;2.22;14.57;108;2.95;3.34;0.24;2.6;Red;4.72;0.91;3.44;1427;0
412;13.59;2.45;2.73;18.5;119;3.1;2.66;0.24;2.26;Rosé;6.0;0.9;3.09;1288;2
413;14.09;1.93;2.75;17.55;124;3.59;2.91;0.37;1.81;White;7.78;0.88;3.92;1037;2
414;13.38;2.21;2.53;20.12;111;3.58;2.99;0.26;2.4;Red;7.36;1.05;3.78;740;0
415;13.03;1.81;2.39;19.08;107;3.05;2.79;0.31;2.51;Rosé;7.53;1.04;2.95;1232;2
416;14.5;1.99;2.48;17.8;127;3.34;3.21;0.29;2.58;Rosé;6.51;0.99;3.61;984;0
417;13.55;2.5;2.4;16.37;112;2.89;3.41;0.32;2.28;Rosé;5.27;0.9;3.07;799;2
418;13.31;2.48;2.33;11.7;118;3.17;3.1;0.36;2.65;Red;4.92;0.98;3.32;928;0
419;13.72;2.25;2.55;13.6;102;2.83;2.96;0.33;1.96;White;4.91;0.9;3.31;1476;0
420;13.92;1.98;2.37;18.02;130;2.63;3.34;0.34;2.62;White;6.45;0.93;3.12;911;1
421;13.78;2.34;2.76;16.34;119;2.68;2.81;0.3;2.38;Red;5.77;1.04;3.41;799;0
422;13.2;2.28;2.4;19.08;121;3.13;3.06;0.25;2.09;Red;4.77;1.05;3.72;779;0
423;13.83;2.4;2.2;11.55;109;3.03;3.39;0.25;2.74;White;4.79;0.93;3.11;1435;1
424;13.25;2.54;2.22;15.94;104;3.45;2.87;0.34;2.04;White;6.26;0.86;3.69;1216;1
425;13.95;2.07;2.33;19.03;119;3.78;3.38;0.35;2.18;Red;4.53;1.03;3.6;1128;0
426;13.84;1.74;2.13;14.3;126;3.6;2.87;0.32;1.83;Red;5.86;1.0;3.39;1255;1
427;14.06;1.98;2.78;14.13;105;3.06;3.18;0.38;2.68;White;6.51;1.01;3.86;1413;1
428;13.53;1.91;2.76;13.86;123;2.96;3.42;0.27;2.18;White;5.1;0.93;3.04;1022;1
429;13.31;1.98;2.84;14.93;110;2.68;2.93;0.24;2.38;White;5.4;0.88;3.46;1389;2
430;14.13;1.79;2.29;16.48;116;3.47;2.99;0.31;2.47;Red;6.6;0.92;3.7;1244;0
431;13.16;2.02;2.34;11.41;102;3.28;2.75;0.36;2.21;Rosé;6.33;0.98;3.0;949;2
432;13.21;2.11;2.72;15.59;123;2.8;2.82;0.24;2.81;Rosé;5.79;0.91;3.24;1016;1
433;14.11;2.34;2.51;11.4;112;2.95;3.16;0.34;2.68;White;5.15;0.89;3.1;818;1
434;13.7;1.95;2.43;17.73;129;3.79;3.09;0.25;1.97;Rosé;6.44;0.87;2.97;751;1
435;13.03;2.53;2.47;16.95;117;3.53;2.69;0.29;2.71;Rosé;4.66;0.9;2.97;1370;1
436;14.41;2.31;2.23;15.89;116;2.73;3.35;0.39;1.86;Red;5.23;0.87;2.98;1106;2
437;13.02;2.4;2.19;16.97;128;2.68;3.35;0.26;2.43;White;4.91;0.87;3.55;1003;1
438;13.65;1.97;2.66;12.93;124;3.62;2.78;0.29;2.75;Red;7.33;0.92;3.61;788;2
439;13.52;1.9;2.29;14.24;119;3.25;3.24;0.33;1.83;Red;6.06;0.92;3.22;1274;2
440;14.35;1.87;2.64;20.63;111;3.01;2.68;0.34;2.58;Rosé;6.87;1.01;3.91;1150;0
441;14.33;1.77;2.19;14.06;107;3.78;2.78;0.24;2.15;White;7.69;1.01;3.01;1046;1
442;13.93;2.27;2.43;20.54;124;3.33;2.99;0.38;1.98;Red;5.63;0.87;3.73;1196;2
443;13.46;1.8;2.87;16.6;112;2.75;2.68;0.34;2.39;White;4.89;0.97;3.25;936;0
444;13.3;1.71;2.58;19.35;109;3.55;3.33;0.31;2.55;Red;5.63;0.87;3.86;928;1
445;14.24;1.87;2.15;17.71;127;3.73;2.79;0.3;2.33;Rosé;6.12;0.99;3.52;1224;1
446;14.14;2.07;2.77;19.13;113;3.85;3.3;0.33;2.06;Red;7.78;0.92;3.12;1071;1
447;13.28;2.1;2.84;14.03;130;3.34;2.98;0.3;2.49;White;6.12;1.02;3.8;1307;0
448;14.31;2.47;2.21;13.75;112;3.15;2.87;0.25;2.6;Rosé;7.32;0.92;3.91;864;2
449;14.02;1.81;2.49;18.17;125;3.5;3.46;0.25;2.76;Red;4.41;0.94;3.64;1283;2
450;13.0;2.43;2.78;15.17;120;3.08;3.27;0.32;2.07;Red;6.77;0.91;3.17;1461;2
451;14.25;2.2;2.36;11.46;104;3.15;2.73;0.3;2.37;White;4.85;1.01;3.3;1066;1
452;13.65;1.98;2.5;13.93;130;3.6;3.0;0.28;2.46;Red;7.6;1.04;3.66;1109;2
453;14.32;1.74;2.22;18.16;102;3.75;2.87;0.26;2.57;White;5.0;0.96;3.73;1186;2
454;14.45;2.09;2.79;12.89;122;3.55;3.38;0.38;2.7;Red;5.37;0.9;3.49;1109;2
455;13.2;2.14;2.71;19.97;128;3.41;3.18;0.26;2.3;Rosé;4.58;0.94;3.72;1419;0
456;13.63;2.4;2.78;19.4;124;3.26;3.0;0.37;2.65;White;6.95;0.9;3.21;1149;2
457;13.96;2.59;2.75;20.77;129;3.04;3.42;0.28;2.38;White;7.57;0.93;3.12;1440;0
458;14.44;2.54;2.26;18.09;121;3.27;2.94;0.26;2.0;White;6.05;1.04;3.17;1031;1
459;13.22;2.41;2.63;11.41;109;2.82;3.37;0.36;2.63;White;5.05;0.91;3.4;1312;1
460;13.74;2.57;2.51;15.5;110;3.16;3.0;0.26;1.81;Red;4.49;0.88;3.27;1123;0
461;14.01;2.19;2.16;18.09;109;3.64;2.99;0.25;2.41;Rosé;6.99;0.98;3.38;1238;1
462;13.76;1.79;2.6;17.56;118;3.32;3.25;0.28;2.55;Rosé;4.63;1.03;3.77;1305;2
463;14.02;1.79;2.34;14.38;118;3.21;3.49;0.25;2.44;White;4.92;0.86;3.42;1441;2
464;13.79;1.87;2.24;15.98;120;3.67;3.47;0.25;2.2;White;7.14;1.0;3.83;1018;0
465;13.02;1.86;2.13;12.56;129;3.22;2.79;0.27;2.45;Red;4.83;0.99;3.28;1242;2
466;13.9;2.3;2.11;17.47;113;3.76;3.09;0.33;1.96;White;7.33;0.96;3.19;1217;2
467;13.35;2.13;2.52;14.46;109;2.63;3.49;0.27;2.59;White;5.46;0.91;3.27;1104;1
468;14.25;1.94;2.83;16.58;129;3.78;2.82;0.23;2.74;Rosé;5.91;0.88;3.54;1177;1
469;13.78;1.91;2.53;14.36;123;2.96;3.27;0.35;2.14;Red;6.26;1.02;3.15;1075;2
470;14.02;2.43;2.12;15.48;114;3.44;3.16;0.26;2.21;White;7.68;1.0;3.69;1168;2
471;14.06;2.35;2.73;19.84;123;3.18;2.79;0.27;2.5;White;4.67;0.93;3.6;1050;1
472;13.41;2.28;2.25;12.98;125;3.14;3.25;0.24;2.14;Rosé;6.68;1.02;3.36;745;1
473;13.77;2.56;2.66;13.98;107;3.39;3.36;0.26;1.97;Rosé;5.79;0.98;2.97;1074;0
474;13.88;1.72;2.74;13.99;116;3.67;2.96;0.36;2.38;Red;5.17;0.96;3.05;914;0
475;13.8;1.79;2.77;15.26;105;3.14;2.8;0.37;2.76;White;7.11;0.89;3.8;1323;1
476;14.26;2.21;2.16;16.27;105;3.14;3.03;0.28;2.11;White;6.75;0.93;3.8;1276;2
477;13.23;1.71;2.76;20.59;124;2.81;3.22;0.33;2.36;White;5.15;1.03;3.65;1044;0
478;13.31;1.85;2.37;20.67;129;3.06;3.31;0.34;2.45;Red;7.07;0.96;3.55;762;0
479;13.02;2.11;2.23;17.41;121;3.64;3.27;0.27;2.31;White;7.03;0.97;3.23;1013;1
480;14.25;2.56;2.63;18.51;129;2.79;3.15;0.28;2.67;Red;6.75;1.0;2.97;1011;1
481;14.07;1.81;2.51;11.66;105;3.65;2.66;0.25;2.5;Red;7.58;0.87;3.86;920;0
482;13.07;2.24;2.44;14.51;107;3.86;3.02;0.34;2.31;White;5.98;0.99;2.95;1238;2
483;14.02;2.41;2.31;13.98;117;2.77;2.85;0.32;2.07;Rosé;7.33;0.96;3.57;1244;2
484;14.43;2.0;2.2;11.72;108;3.56;3.14;0.27;1.95;White;4.64;1.01;3.22;1175;0
485;14.25;1.99;2.76;18.75;121;2.83;3.31;0.25;2.1;Rosé;4.87;0.88;3.6;1317;1
486;13.86;2.2;2.58;18.34;126;2.65;3.19;0.28;2.41;White;5.72;0.92;3.56;1184;0
487;13.19;1.82;2.16;17.32;107;2.74;2.65;0.33;2.44;Red;6.77;0.89;3.75;948;1
488;13.86;2.24;2.37;16.75;106;3.39;2.98;0.23;2.45;White;6.23;0.87;3.66;1477;2
489;13.22;1.83;2.82;12.48;109;3.3;3.26;0.24;1.99;Rosé;5.05;0.93;3.29;1057;0
490;14.15;2.38;2.69;14.79;119;3.1;3.49;0.33;2.03;Red;6.27;0.97;3.6;985;0
491;13.61;1.77;2.52;20.49;104;3.26;2.89;0.32;2.44;Red;6.52;1.01;3.0;949;1
492;13.27;2.04;2.62;20.32;110;3.25;3.24;0.33;2.27;Rosé;7.01;0.86;3.4;1152;0
493;13.2;2.25;2.85;17.8;115;2.62;2.84;0.24;2.08;Red;5.49;0.89;3.46;973;1
494;13.51;2.38;2.89;14.11;127;3.54;2.65;0.23;2.76;White;4.59;0.87;3.26;1102;0
495;14.38;2.35;2.42;17.55;112;3.73;2.7;0.25;2.07;White;7.75;0.87;3.66;1309;2
496;13.46;1.87;2.27;19.62;125;3.88;2.91;0.38;2.76;Red;7.01;1.05;3.05;895;0
497;14.19;2.53;2.14;20.37;121;3.57;2.82;0.28;1.96;White;7.32;0.93;3.78;1095;0
498;14.24;1.86;2.79;16.9;126;3.26;3.49;0.32;2.08;Rosé;4.39;0.87;3.23;772;2
499;14.44;2.24;2.33;12.69;127;3.08;3.2;0.26;2.05;Red;5.59;0.97;3.4;1276;0
500;13.0;2.21;2.12;17.61;127;3.07;2.73;0.38;1.83;White;5.88;0.99;3.45;993;1
501;14.13;2.53;2.24;17.91;105;3.07;3.1;0.37;2.04;Rosé;5.01;1.05;3.79;829;2
502;14.1;2.14;2.53;15.99;129;3.45;3.19;0.36;1.89;Red;4.93;0.98;3.25;1320;2
503;13.31;2.15;2.64;20.32;130;3.09;2.89;0.36;2.39;Red;6.63;1.04;3.4;1045;0
504;13.34;2.41;2.19;18.31;108;3.01;3.36;0.25;2.5;White;6.04;0.9;3.31;737;2
505;14.38;1.77;2.41;19.02;123;3.01;2.96;0.27;2.63;Red;5.7;0.96;3.83;756;2
506;13.89;2.32;2.22;14.61;123;3.32;3.42;0.35;2.22;Rosé;6.05;0.88;3.03;1401;2
507;14.13;1.82;2.87;13.88;111;3.57;3.47;0.28;1.84;Rosé;6.9;0.91;3.12;1049;2
508;13.39;2.47;2.88;19.84;117;2.8;3.19;0.26;1.89;Rosé;7.22;0.86;3.76;1247;2
509;13.71;2.07;2.12;12.03;126;2.72;2.7;0.24;2.04;Rosé;4.43;0.95;2.94;851;1
510;13.35;2.29;2.55;19.54;122;3.14;3.29;0.35;2.35;Red;7.53;0.95;3.1;1266;1
511;13.72;1.74;2.3;16.71;114;3.2;3.07;0.29;2.49;Red;6.21;0.89;3.33;1386;0
512;13.69;2.53;2.54;15.7;129;2.8;2.99;0.25;2.12;Red;6.06;0.98;2.94;1480;1
513;14.22;1.76;2.85;18.23;126;3.48;3.0;0.32;2.66;White;7.8;0.86;2.99;1466;0
514;13.67;2.17;2.19;19.19;106;2.8;3.08;0.39;2.64;Rosé;7.04;1.0;3.88;1065;0
515;13.51;2.06;2.62;17.96;129;2.86;3.19;0.25;2.5;White;7.43;0.92;3.84;899;0
516;13.22;2.27;2.33;17.69;127;2.87;3.25;0.3;2.68;White;4.76;0.91;3.18;1053;0
517;13.62;1.92;2.34;14.9;104;3.79;3.14;0.29;2.21;Rosé;6.35;0.97;3.18;1016;2
518;14.42;2.25;2.14;15.85;122;3.0;2.78;0.36;2.74;Red;5.21;1.0;3.42;1037;2
519;14.2;1.72;2.8;20.92;124;3.53;2.9;0.38;2.29;White;5.1;0.9;3.09;1236;1
520;13.28;2.26;2.7;19.31;108;2.66;3.33;0.38;2.22;Red;5.8;0.87;3.32;897;1
521;13.3;2.59;2.17;15.1;114;3.74;3.03;0.38;2.72;Red;5.65;1.01;3.42;1280;0
522;13.38;2.49;2.28;17.09;107;2.67;2.83;0.24;2.62;Rosé;4.98;0.93;3.51;1239;0
523;13.01;2.04;2.28;16.23;104;2.87;2.75;0.32;2.52;Red;5.74;0.94;3.35;947;0
524;14.46;2.39;2.39;18.22;109;3.45;3.13;0.25;2.76;White;6.68;0.93;3.92;799;2
525;14.02;1.72;2.27;15.44;104;3.04;3.0;0.35;2.41;Rosé;5.18;0.87;3.83;1062;1
526;14.41;2.37;2.37;18.55;113;3.15;3.35;0.35;2.55;Red;7.7;1.05;3.59;837;2
527;13.86;1.91;2.18;12.61;112;2.73;3.44;0.34;2.0;White;7.17;0.9;3.83;1087;2
528;13.72;2.4;2.13;17.95;113;3.12;2.85;0.25;2.71;Red;5.72;0.99;3.29;964;0
529;13.28;1.78;2.38;16.4;117;3.83;3.02;0.25;1.84;Red;4.53;0.91;3.58;852;2
530;13.57;2.14;2.34;18.69;129;3.62;3.09;0.33;1.91;Red;4.63;1.0;3.7;1457;0
531;13.81;2.02;2.29;15.68;120;2.96;3.24;0.36;1.95;White;4.65;1.01;3.11;1425;2
532;14.05;1.91;2.28;17.81;102;2.66;2.81;0.32;2.75;Rosé;7.78;0.96;3.72;1152;1
533;14.07;2.13;2.77;14.82;121;2.64;3.13;0.39;1.87;White;4.79;0.91;3.85;1238;1
534;13.96;1.88;2.33;19.51;104;3.47;3.09;0.28;2.4;White;5.38;0.94;3.79;1333;0
535;13.26;2.25;2.56;18.58;119;3.15;2.78;0.28;2.69;Red;7.79;1.01;3.13;1284;2
536;13.47;2.39;2.77;17.87;106;2.82;3.05;0.38;2.41;Rosé;7.53;0.88;3.77;1210;0
537;14.39;1.99;2.37;20.18;124;3.49;3.02;0.31;1.88;White;5.31;0.89;3.33;1126;0
538;13.54;2.5;2.35;14.99;117;3.71;3.03;0.36;2.16;Rosé;4.72;0.92;3.89;1242;0
539;13.24;2.43;2.61;16.21;122;3.01;2.69;0.35;2.07;Rosé;5.44;1.03;3.37;1358;1
540;14.02;2.44;2.69;13.62;125;3.83;3.11;0.32;2.41;White;5.25;0.91;3.89;1009;2
541;13.94;1.76;2.68;14.21;124;2.97;3.46;0.25;2.12;Red;5.03;0.99;3.31;1082;1
542;14.08;1.87;2.86;15.15;119;3.12;2.79;0.24;2.37;White;4.82;0.99;3.83;1319;1
543;13.98;1.72;2.45;16.08;108;3.17;2.73;0.27;2.67;Red;7.38;1.03;3.76;1120;2
544;13.43;1.8;2.31;13.13;107;2.64;2.77;0.26;2.02;White;6.68;1.01;2.97;1448;2
545;14.11;2.14;2.69;20.34;104;3.76;3.31;0.36;2.32;Rosé;6.42;0.96;3.64;1382;2
546;13.69;1.84;2.26;20.44;115;3.42;2.77;0.25;1.86;White;6.65;0.94;3.65;1371;0
547;14.34;2.17;2.46;19.95;109;3.25;3.04;0.25;2.04;Red;5.76;0.94;3.43;1393;1
548;14.44;2.03;2.64;16.16;118;2.66;3.3;0.34;1.99;Rosé;7.32;1.01;3.9;1264;1
549;13.83;2.24;2.18;20.7;124;3.2;2.99;0.28;2.68;Red;7.08;0.97;3.12;961;0
550;13.04;1.99;2.77;14.24;104;3.39;3.37;0.26;1.96;White;6.78;0.88;3.46;1028;0
551;14.33;2.3;2.43;15.17;119;3.28;3.09;0.35;2.61;Rosé;6.05;0.9;3.06;1001;2
552;14.4;1.96;2.26;16.65;121;3.46;2.73;0.28;2.26;White;5.01;0.94;3.1;1010;0
553;13.78;2.13;2.36;18.59;122;3.69;3.35;0.23;2.2;White;7.18;1.0;3.32;1075;2
554;13.51;2.07;2.38;15.94;113;2.79;2.7;0.29;1.92;Red;7.1;0.94;3.76;1372;1
555;14.09;1.94;2.84;16.18;102;2.72;3.1;0.27;2.17;Rosé;4.52;0.91;3.15;1395;1
556;13.56;2.41;2.69;11.27;130;3.39;2.93;0.27;2.45;Rosé;7.65;0.92;3.77;1006;1
557;13.58;2.35;2.71;13.49;125;3.21;3.13;0.33;2.03;Rosé;7.32;0.94;3.77;1219;0
558;14.28;1.95;2.84;19.73;109;3.58;3.43;0.33;2.74;Rosé;6.04;0.94;3.58;888;1
559;13.05;2.18;2.28;20.15;122;3.62;2.96;0.32;1.84;Red;6.45;1.03;3.41;786;0
560;14.5;2.51;2.54;16.1;115;3.28;3.38;0.37;2.0;Red;4.97;0.86;3.41;991;2
561;13.19;2.48;2.29;11.63;106;2.61;2.73;0.24;2.65;White;5.22;1.05;3.84;926;2
562;14.42;2.02;2.39;13.21;121;3.84;2.74;0.27;2.67;White;5.42;1.0;3.41;1371;0
563;13.99;2.25;2.49;15.25;102;3.8;2.99;0.34;2.43;Red;7.25;0.97;3.2;1397;0
564;14.16;2.44;2.71;19.63;115;2.66;3.36;0.25;2.56;Rosé;5.34;0.99;3.5;747;0
565;13.42;2.15;2.7;18.56;125;2.61;2.94;0.26;1.88;Rosé;6.83;0.98;3.15;1205;2
566;13.33;2.31;2.35;17.34;127;3.27;2.68;0.28;2.37;Rosé;4.88;0.88;3.37;903;1
567;14.28;1.93;2.77;17.71;111;3.06;2.72;0.35;2.56;Rosé;6.24;0.94;3.28;1040;1
568;14.23;2.14;2.37;13.44;122;3.62;2.72;0.33;1.96;Rosé;5.63;1.05;3.31;964;1
569;13.97;1.77;2.45;15.72;110;3.45;3.39;0.38;2.66;White;6.89;0.89;3.79;1055;2
570;14.21;2.45;2.75;11.46;123;2.8;3.25;0.28;1.85;Rosé;4.83;1.01;3.89;825;2
571;13.86;2.35;2.71;14.26;127;2.61;3.4;0.39;2.73;White;6.98;0.95;3.54;1285;0
572;14.11;1.72;2.24;17.64;112;3.05;3.24;0.38;1.93;Rosé;6.24;0.91;3.43;850;1
573;13.63;2.14;2.64;18.6;104;3.25;3.19;0.34;2.34;White;7.52;0.89;3.15;842;0
574;14.39;2.46;2.42;12.33;107;2.93;2.78;0.28;2.24;Rosé;5.78;0.97;3.08;1422;2
575;13.67;1.83;2.19;20.13;103;3.66;3.31;0.37;2.29;White;6.24;1.04;3.47;755;0
576;14.38;2.49;2.17;18.21;103;3.33;3.35;0.25;2.54;Red;7.46;0.96;3.06;980;2
577;13.23;1.92;2.85;20.24;122;3.48;3.34;0.36;2.31;Red;5.47;0.99;3.63;1175;1
578;14.11;2.32;2.53;20.57;103;3.52;2.74;0.33;1.83;White;7.1;1.01;3.62;871;2
579;14.27;2.55;2.26;15.24;123;3.68;2.88;0.24;2.73;White;7.11;0.87;3.76;739;1
580;14.17;1.85;2.77;15.08;122;3.53;2.66;0.36;2.74;Red;4.61;0.89;3.63;1238;1
581;14.43;2.52;2.88;19.64;123;2.66;2.72;0.25;2.15;White;5.2;0.87;3.65;739;0
582;14.07;2.04;2.45;15.83;121;3.66;3.45;0.29;2.35;White;5.6;0.95;3.81;993;0
583;14.16;2.52;2.28;14.2;122;3.23;3.17;0.27;2.77;Red;5.13;1.04;3.75;758;2
584;13.49;1.98;2.18;18.54;126;3.75;2.67;0.24;1.9;White;5.95;0.9;3.8;1171;0
585;13.24;2.0;2.72;20.14;111;3.67;2.89;0.34;2.67;Red;6.86;0.87;3.16;1169;0
586;14.07;1.79;2.3;11.84;119;3.47;2.86;0.32;1.97;Red;4.56;0.91;3.11;1276;1
587;13.2;2.59;2.42;12.93;125;3.38;3.35;0.32;2.06;Red;6.09;0.94;3.61;993;2
588;13.43;2.19;2.16;11.51;123;3.01;2.72;0.27;2.47;White;7.74;0.88;3.84;1385;1
589;13.1;2.33;2.73;19.28;105;3.55;3.39;0.29;1.89;Red;5.79;0.99;3.03;999;2
590;14.43;1.89;2.64;17.07;104;3.69;3.07;0.31;2.6;White;6.7;0.96;3.82;1443;0
591;13.51;1.77;2.4;16.07;116;3.34;3.21;0.29;2.38;White;4.82;1.04;3.75;1151;1
592;14.23;1.93;2.12;19.19;112;2.83;2.69;0.32;2.65;Rosé;4.65;0.94;3.32;1234;2
593;13.16;1.88;2.89;13.0;114;2.99;3.35;0.3;2.64;White;7.61;0.93;3.59;909;1
594;14.39;2.16;2.62;15.14;117;3.47;3.19;0.24;2.78;Rosé;4.91;0.96;3.49;842;2
595;13.45;2.51;2.11;18.28;125;3.17;3.27;0.37;2.3;White;7.45;1.0;3.32;819;1
596;14.04;1.95;2.76;19.73;125;3.2;3.06;0.39;2.73;Rosé;4.67;0.95;3.8;1085;2
597;13.21;2.33;2.72;13.63;124;3.82;3.25;0.28;2.73;White;5.44;0.94;3.76;1114;2
598;14.06;2.26;2.76;11.48;127;2.6;3.08;0.28;2.22;Red;5.25;0.92;3.52;803;0
599;13.74;2.43;2.13;13.74;118;3.11;3.49;0.33;2.69;White;4.74;0.93;3.69;1365;2
600;14.25;1.95;2.82;12.36;129;3.57;2.79;0.34;2.81;Red;6.73;0.89;3.88;1236;1
601;13.0;2.13;2.27;16.24;122;2.66;2.7;0.29;2.32;White;5.11;0.95;3.46;995;1
602;13.65;2.12;2.59;12.33;125;3.82;3.46;0.32;2.55;White;6.66;1.03;3.32;959;2
603;14.5;2.48;2.19;13.67;129;2.74;3.48;0.26;2.52;White;4.69;0.95;3.29;1197;0
604;13.18;2.56;2.62;13.86;117;3.82;3.04;0.25;2.18;Red;5.93;0.92;3.48;1034;2
605;13.25;1.86;2.75;14.72;126;3.53;2.68;0.27;1.95;White;7.43;1.01;3.04;1416;2
606;14.18;2.21;2.16;17.79;102;3.88;3.38;0.37;2.61;White;5.76;0.87;3.79;800;1
607;13.44;2.59;2.33;15.3;104;2.6;3.31;0.37;2.28;Rosé;6.04;0.94;2.96;947;1
608;13.6;2.12;2.58;13.74;119;3.02;3.26;0.24;2.65;White;6.33;1.02;3.64;1446;2
609;13.54;1.77;2.44;15.58;111;3.25;3.3;0.26;2.71;White;5.55;0.86;3.07;880;1
610;13.78;2.07;2.8;18.68;106;3.2;2.93;0.27;1.88;White;6.19;0.93;2.97;1032;1
611;13.97;2.28;2.32;11.79;115;3.64;2.66;0.25;2.38;White;6.02;0.98;3.05;774;0
612;13.66;2.55;2.5;13.13;115;3.67;3.12;0.29;2.67;Rosé;7.04;0.87;3.01;773;0
613;14.19;2.54;2.48;15.44;120;2.63;2.8;0.27;1.92;White;6.24;0.97;3.49;1304;0
614;14.06;2.13;2.75;16.34;120;3.32;2.83;0.3;2.23;Red;4.51;0.96;3.83;889;1
615;13.96;2.15;2.22;19.83;125;3.3;3.45;0.27;2.21;Red;5.92;1.03;3.12;881;2
616;13.47;2.56;2.42;15.74;112;3.56;2.92;0.35;2.53;Red;5.45;0.89;3.51;1212;1
617;14.2;1.92;2.62;15.35;120;3.79;2.93;0.26;2.22;Rosé;7.17;0.99;3.0;795;1
618;13.06;2.26;2.47;13.98;111;3.82;2.67;0.38;2.28;White;6.44;0.94;3.3;875;0
619;13.35;2.14;2.39;12.02;112;3.19;3.42;0.29;2.27;Red;5.06;0.89;3.09;1445;1
620;13.18;2.52;2.43;14.25;115;2.93;3.42;0.36;2.75;Red;5.84;0.91;3.39;807;0
621;13.41;2.24;2.46;20.94;111;3.54;3.02;0.31;2.68;White;5.38;0.97;3.74;1041;2
622;13.16;1.88;2.49;11.76;117;2.82;2.86;0.37;2.82;Rosé;7.05;0.91;3.26;1346;1
623;13.83;2.07;2.48;19.32;109;3.16;3.36;0.29;1.94;Red;4.7;0.9;3.0;1100;2
624;14.03;2.21;2.21;18.29;115;3.58;2.93;0.25;2.08;White;6.55;0.98;3.75;1203;1
625;13.88;2.07;2.21;18.86;127;3.49;2.87;0.36;2.46;Rosé;5.91;0.9;3.23;779;0
626;13.71;2.21;2.36;13.24;103;3.48;3.33;0.24;2.54;White;6.32;0.96;3.72;1114;2
627;13.25;2.18;2.85;18.52;108;3.1;2.73;0.35;2.58;White;5.91;1.0;3.2;1293;1
628;13.41;2.38;2.77;19.92;108;3.53;3.49;0.28;1.95;White;5.6;1.05;2.94;1096;0
629;13.2;1.93;2.3;15.79;128;2.98;2.78;0.36;1.98;Red;6.38;0.9;3.75;1037;2
630;13.61;2.28;2.73;15.12;108;2.87;3.14;0.34;2.64;Red;4.92;0.89;3.78;1290;1
631;13.54;1.84;2.17;12.43;114;3.77;2.75;0.33;2.33;White;5.86;0.94;3.72;1024;2
632;13.99;2.06;2.61;17.09;113;2.75;2.75;0.36;2.23;Red;6.74;0.87;3.24;1138;1
633;13.86;2.46;2.55;19.91;114;3.74;3.02;0.31;2.22;Red;6.46;0.93;3.2;843;2
634;13.19;2.4;2.7;14.0;116;2.92;3.19;0.24;2.64;White;6.89;0.88;3.09;1369;0
635;13.87;2.42;2.59;15.75;119;3.69;2.74;0.27;2.73;Rosé;7.45;0.92;3.58;1090;0
636;14.11;2.48;2.59;19.17;113;3.63;3.44;0.31;1.95;Red;7.78;1.05;3.89;1298;2
637;14.48;1.92;2.37;15.05;107;3.85;3.37;0.36;1.94;Rosé;7.22;0.96;3.6;1001;0
638;13.58;1.83;2.4;17.71;118;2.68;3.37;0.38;2.33;Rosé;5.42;0.97;3.55;1197;1
639;13.21;2.28;2.24;12.36;113;3.05;3.1;0.26;2.58;Red;4.86;0.94;3.67;930;0
640;13.26;2.16;2.49;17.71;115;3.53;2.76;0.33;2.09;Red;4.98;0.95;3.79;1040;0
641;13.9;1.84;2.75;16.42;120;3.71;3.12;0.37;2.36;White;6.12;0.99;3.42;1207;0
642;14.2;2.58;2.28;16.84;119;3.51;3.29;0.24;1.84;Red;5.37;0.94;3.3;1305;1
643;14.4;2.09;2.68;12.36;126;3.23;3.31;0.31;2.47;Rosé;5.48;1.02;3.21;859;2
644;14.34;1.82;2.23;15.73;126;3.19;3.41;0.35;2.64;Red;7.36;0.97;3.4;1354;2
645;13.22;2.27;2.73;13.83;106;3.64;2.92;0.24;2.17;Red;6.64;0.96;3.26;1114;2
646;13.9;2.32;2.39;13.21;118;3.82;2.88;0.39;1.95;Red;6.88;0.88;3.62;784;2
647;14.29;1.84;2.68;16.31;125;3.49;2.71;0.28;2.71;Rosé;4.92;0.92;3.23;1029;2
648;13.04;2.29;2.88;14.4;113;3.16;3.25;0.25;2.05;Rosé;5.84;0.87;3.55;1070;1
649;14.49;1.92;2.79;11.56;119;2.99;3.29;0.28;2.31;Red;5.62;0.9;3.26;921;1
650;14.3;2.06;2.8;13.24;106;3.65;3.12;0.28;2.54;Red;6.62;0.97;3.6;1211;1
651;13.95;2.47;2.54;12.72;106;3.16;2.78;0.28;1.9;White;6.39;1.0;3.89;1295;2
652;13.92;2.07;2.64;11.61;107;3.69;2.94;0.26;1.9;Rosé;4.9;0.89;3.49;1012;2
653;14.18;1.94;2.41;15.94;124;2.86;2.95;0.38;2.5;Red;7.78;1.04;3.66;1297;0
654;14.5;2.57;2.11;17.9;111;3.34;3.23;0.29;2.76;Red;4.7;0.97;3.72;927;1
655;14.2;2.48;2.12;15.16;112;3.17;2.76;0.39;2.64;Red;7.41;0.9;3.41;1332;1
656;13.51;2.32;2.23;19.94;105;3.44;3.35;0.37;2.53;Red;7.46;0.87;3.69;1352;2
657;13.72;1.79;2.36;14.8;127;2.89;3.38;0.35;2.07;Red;4.75;0.95;3.05;1254;2
658;13.08;2.09;2.44;15.38;124;2.9;2.92;0.25;2.46;Red;7.44;1.04;3.51;1073;1
659;14.49;2.57;2.53;12.43;108;3.89;3.48;0.3;2.12;Rosé;7.55;0.98;3.56;1124;2
660;13.18;2.23;2.47;13.37;116;3.37;2.98;0.25;2.7;Red;4.48;0.88;3.91;1001;2
661;14.01;2.39;2.46;14.72;107;3.78;3.19;0.33;2.19;Rosé;5.18;0.88;3.1;992;0
662;13.68;1.95;2.64;19.69;123;2.75;2.66;0.24;2.5;Red;5.67;0.93;2.96;1417;1
663;14.18;1.91;2.66;14.93;105;2.75;2.76;0.24;2.59;Red;5.59;0.97;3.34;1233;1
664;14.1;1.98;2.25;18.42;124;3.13;2.84;0.36;2.71;Red;5.48;0.99;3.76;960;1
665;13.71;2.23;2.61;15.53;111;2.81;2.68;0.3;2.05;Red;4.98;1.05;3.56;796;1
666;13.11;2.05;2.88;11.99;117;2.77;3.09;0.3;2.15;Red;6.86;1.0;3.3;1387;1
667;14.04;2.04;2.56;13.54;117;2.95;2.72;0.39;2.78;White;7.13;0.96;3.37;1011;2
668;14.44;2.21;2.55;12.12;113;2.76;3.02;0.26;2.22;Red;6.38;0.91;3.81;1211;1
669;13.48;1.71;2.43;15.51;108;3.35;2.75;0.28;2.82;Red;6.77;0.94;3.42;935;0
670;13.8;2.27;2.73;20.62;126;3.3;3.02;0.31;2.59;White;6.76;1.05;3.72;1382;0
671;13.67;2.16;2.41;15.47;125;3.82;3.31;0.27;2.77;Rosé;4.96;0.94;3.25;1435;0
672;13.08;2.03;2.82;18.12;124;2.84;3.47;0.35;2.19;White;7.52;0.94;3.3;853;1
673;13.33;1.84;2.26;16.36;109;2.92;3.05;0.36;2.53;White;6.11;0.86;3.78;810;2
674;13.2;2.38;2.73;19.07;110;3.35;2.81;0.36;2.0;Red;6.32;0.88;3.73;964;2
675;13.35;1.71;2.87;15.63;114;3.07;2.66;0.33;2.11;White;4.84;1.03;3.36;1320;1
676;13.95;2.11;2.45;16.47;125;2.89;2.89;0.34;1.81;Red;6.82;0.94;2.93;815;0
677;14.34;2.32;2.3;17.61;122;3.32;2.7;0.31;2.64;Red;5.21;1.03;3.13;1405;1
678;14.23;1.99;2.89;14.43;102;3.14;3.21;0.34;2.6;White;5.97;1.03;3.16;1387;1
679;13.89;2.34;2.26;18.12;103;3.2;3.25;0.24;2.6;Rosé;5.4;0.95;3.13;1471;0
680;14.41;1.88;2.79;20.01;122;3.33;2.77;0.3;2.81;White;5.89;1.04;3.18;819;1
681;13.85;1.88;2.54;13.19;104;2.86;2.85;0.38;2.4;Red;6.89;0.95;3.67;736;2
682;13.34;1.82;2.61;15.59;119;3.55;3.38;0.3;2.38;White;5.48;0.88;3.3;1028;1
683;13.8;1.85;2.78;18.49;115;3.21;2.88;0.36;2.69;White;6.98;0.91;3.27;1280;0
684;14.47;2.41;2.82;18.0;124;2.93;2.92;0.32;2.69;White;5.24;0.89;3.05;1416;0
685;14.18;2.18;2.37;17.37;103;3.25;3.26;0.36;2.19;Red;6.91;0.93;3.02;1336;2
686;14.19;2.41;2.29;14.66;128;2.97;2.95;0.37;2.05;Red;6.28;0.99;3.34;1055;2
687;14.11;1.94;2.72;17.96;110;2.86;3.49;0.28;2.27;White;6.44;0.93;3.7;1451;0
688;14.33;1.8;2.85;16.2;115;3.15;2.97;0.37;2.1;Rosé;6.57;1.04;3.4;1152;0
689;14.17;2.08;2.59;14.92;105;2.81;3.21;0.37;2.01;White;7.55;0.98;3.62;1285;2
690;14.36;1.94;2.82;16.46;123;2.82;3.5;0.31;2.25;Rosé;5.72;0.98;3.35;1290;0
691;13.23;2.17;2.25;19.77;105;3.9;3.25;0.3;2.2;Red;5.64;0.91;3.53;861;0
692;14.16;2.36;2.3;12.25;115;3.11;3.14;0.32;2.38;Rosé;4.85;0.97;3.82;1081;2
693;13.95;2.06;2.48;18.98;115;3.58;3.05;0.31;1.83;White;6.18;0.91;3.54;1303;2
694;13.39;1.86;2.76;11.73;129;3.06;3.3;0.33;1.98;Rosé;7.66;0.99;3.82;1100;2
695;13.6;2.3;2.35;16.07;110;3.53;3.05;0.33;2.1;White;5.88;0.9;3.79;1145;1
696;14.13;2.52;2.34;14.35;121;2.7;3.31;0.38;2.06;Red;5.98;0.94;3.9;1242;1
697;13.52;2.29;2.33;20.09;107;2.76;3.33;0.34;2.35;Red;4.98;0.86;3.88;829;0
698;13.76;2.42;2.35;12.26;128;3.33;3.38;0.35;2.54;Red;6.43;0.94;3.12;879;0
699;13.7;1.93;2.47;20.25;111;2.81;3.49;0.32;2.48;White;5.94;0.99;3.13;1187;2
700;14.1;1.75;2.46;20.76;123;3.6;3.36;0.24;2.19;Rosé;6.84;0.98;3.22;938;2
701;13.93;2.3;2.39;14.31;111;3.89;2.93;0.38;1.89;Rosé;4.81;0.96;3.62;1421;1
702;13.31;2.01;2.42;12.79;126;3.86;3.44;0.36;2.27;Rosé;7.05;0.98;3.38;1243;2
703;14.0;2.0;2.83;13.85;120;2.68;3.31;0.24;2.36;White;7.66;0.94;3.74;1405;1
704;14.06;1.91;2.33;11.44;113;2.83;3.39;0.27;1.97;Rosé;6.98;0.9;3.45;1395;1
705;13.86;2.49;2.69;14.69;102;3.84;3.3;0.3;2.77;Red;7.69;0.95;3.45;1398;2
706;14.39;1.77;2.78;20.99;110;3.44;3.27;0.35;1.97;White;6.16;1.02;3.47;922;2
707;14.13;2.23;2.29;11.42;113;3.31;3.2;0.27;2.21;Red;5.38;1.04;3.11;1447;2
708;13.45;1.81;2.87;20.06;126;3.46;3.36;0.3;2.4;White;4.83;0.9;3.61;1260;2
709;13.28;2.48;2.83;14.99;125;3.01;2.71;0.28;2.02;Red;6.34;0.9;3.02;893;0
710;13.81;2.54;2.34;13.88;119;2.71;3.43;0.31;2.69;Rosé;7.3;0.86;3.5;1085;2
711;13.5;2.23;2.47;16.08;111;2.93;3.16;0.38;2.08;Red;4.57;1.04;3.49;1413;0
712;13.4;2.08;2.81;14.31;122;3.74;3.07;0.26;2.4;White;6.53;0.88;2.96;784;2
713;14.06;2.54;2.82;11.31;107;3.07;2.67;0.34;2.12;White;5.77;0.98;3.69;1048;0
714;14.08;1.93;2.72;13.0;122;2.79;3.33;0.33;2.24;White;6.01;0.99;3.55;1206;2
715;13.86;2.4;2.66;11.82;115;3.44;3.13;0.27;1.83;Rosé;5.16;1.02;3.9;1235;1
716;13.6;2.59;2.79;14.81;110;2.84;3.38;0.33;2.75;White;6.32;0.96;3.22;1217;1
717;13.79;2.26;2.51;17.33;105;2.95;3.28;0.33;2.48;Red;7.03;0.87;3.32;1304;1
718;13.78;2.08;2.73;20.69;107;3.47;2.99;0.25;2.11;White;7.1;0.89;3.13;1077;1
719;13.26;1.79;2.84;18.56;119;3.71;2.78;0.37;2.1;Red;6.13;0.94;3.72;1421;0
720;14.3;2.02;2.56;15.78;103;2.75;2.94;0.3;2.46;Rosé;7.74;0.86;3.16;816;2
721;13.11;2.21;2.65;13.15;124;3.52;2.92;0.35;2.01;Red;6.93;1.04;3.82;1120;0
722;13.88;2.46;2.72;18.82;111;2.89;2.96;0.33;2.53;Rosé;4.55;0.98;3.75;1043;0
723;13.76;2.46;2.14;20.95;117;3.68;3.45;0.34;2.69;Red;6.72;1.04;2.97;1022;0
724;13.94;2.01;2.12;13.35;112;3.8;2.78;0.27;2.5;Rosé;5.37;1.01;3.09;1467;1
725;14.5;1.88;2.37;16.68;116;3.35;3.08;0.35;2.36;Red;7.02;0.97;3.06;1218;0
726;13.12;2.6;2.84;13.75;113;3.15;3.32;0.3;2.01;White;7.74;0.97;3.4;880;2
727;13.98;2.19;2.62;13.98;121;3.15;3.46;0.28;2.24;Red;6.74;1.03;3.38;1045;2
728;13.61;2.06;2.47;17.05;117;3.83;3.1;0.29;1.89;Rosé;4.35;1.04;3.89;736;0
729;13.01;1.74;2.57;13.09;126;3.82;3.31;0.27;1.81;White;7.15;0.89;3.59;894;0
730;13.14;2.49;2.17;13.81;117;3.77;2.7;0.36;1.9;Rosé;7.13;1.0;3.03;903;0
731;13.81;1.91;2.19;20.89;107;2.96;2.65;0.35;2.52;Red;6.59;0.98;3.66;1372;1
732;13.76;1.87;2.2;19.23;111;3.76;2.91;0.25;2.35;Red;6.6;0.95;3.25;1322;2
733;13.15;2.14;2.25;18.99;127;3.38;3.01;0.35;2.55;White;7.26;0.99;3.79;848;0
734;13.69;2.35;2.1;19.57;123;3.23;3.1;0.29;2.06;Red;7.28;0.92;3.79;926;2
735;14.2;2.05;2.69;14.99;113;3.36;2.85;0.32;2.66;Rosé;6.98;0.99;3.7;1216;2
736;14.23;2.53;2.63;18.85;116;3.57;3.34;0.29;2.0;White;5.74;1.03;3.65;1171;0
737;13.7;2.51;2.47;12.74;102;3.65;3.07;0.35;2.41;Rosé;6.34;0.86;2.96;1316;2
738;13.28;2.55;2.21;14.71;122;3.48;3.26;0.33;1.89;White;6.09;1.0;3.44;1475;2
739;13.72;2.38;2.32;11.66;120;3.51;3.49;0.28;2.76;White;4.89;1.0;3.36;811;0
740;13.84;2.51;2.24;14.17;102;2.9;2.96;0.38;2.21;Red;7.05;0.86;3.32;996;1
741;13.26;2.39;2.48;11.35;127;3.17;2.66;0.35;1.9;White;6.36;0.92;3.1;965;2
742;13.2;1.75;2.54;16.39;112;3.46;3.43;0.38;1.92;Rosé;6.79;0.89;3.64;1322;2
743;13.95;2.37;2.48;12.98;122;3.61;3.45;0.32;2.4;White;7.13;0.91;3.15;880;0
744;13.73;1.75;2.71;17.07;117;2.64;2.93;0.36;2.64;Red;4.66;0.95;3.05;1264;1
745;13.81;2.21;2.13;18.49;117;3.21;3.32;0.34;1.89;Red;6.02;1.0;3.82;1104;2
746;14.19;1.79;2.28;20.61;128;2.84;3.12;0.28;1.99;Rosé;7.76;1.03;3.6;1262;1
747;13.67;2.58;2.48;17.8;107;2.75;2.81;0.25;2.23;Red;6.3;0.96;3.31;1032;2
748;14.41;1.78;2.48;17.28;103;3.44;3.01;0.29;2.82;Rosé;7.33;0.93;3.0;941;2
749;13.76;2.33;2.53;17.26;102;3.74;3.1;0.27;2.58;Rosé;6.35;1.03;3.87;880;0
750;13.5;1.79;2.51;12.22;127;3.08;3.48;0.33;1.87;White;7.25;0.86;3.92;940;1
751;13.48;2.3;2.36;12.19;129;3.31;3.11;0.34;2.72;Red;5.59;0.91;3.88;1052;1
752;13.5;1.81;2.61;16.24;129;3.12;3.18;0.36;2.36;Rosé;5.56;0.96;3.54;797;0
753;13.84;2.43;2.2;15.72;116;2.79;2.77;0.38;2.18;Red;5.66;0.91;3.36;1289;2
754;14.28;2.05;2.8;12.91;121;2.92;2.85;0.3;2.37;Rosé;7.69;0.9;3.37;868;2
755;13.82;2.56;2.61;19.6;104;3.47;3.23;0.31;1.95;Red;5.19;0.87;3.88;972;0
756;13.55;1.71;2.28;18.67;126;3.28;3.14;0.38;2.52;White;5.33;1.05;3.05;884;2
757;13.08;2.19;2.64;13.8;129;2.68;3.17;0.27;2.2;White;5.59;0.89;3.79;1420;1
758;13.78;1.8;2.57;14.96;113;3.61;3.16;0.38;2.43;Rosé;7.73;0.89;3.08;1430;1
759;13.56;2.46;2.38;13.3;111;3.03;2.7;0.38;2.39;Rosé;6.93;0.9;3.34;782;2
760;14.02;1.9;2.81;16.73;117;3.39;3.47;0.3;2.51;Red;7.62;1.04;3.4;919;2
761;14.07;2.23;2.71;18.01;104;2.68;3.15;0.26;2.72;Red;4.99;0.94;3.88;901;2
762;13.87;1.98;2.89;15.93;118;3.88;2.72;0.35;2.8;Red;5.77;1.04;3.65;1270;1
763;13.17;2.52;2.5;14.61;108;3.21;3.06;0.32;2.47;Red;5.45;1.03;3.44;1425;1
764;13.23;2.08;2.28;12.37;123;3.19;2.74;0.25;2.65;White;6.76;0.96;2.97;943;1
765;13.66;1.98;2.29;15.5;127;3.45;2.66;0.35;2.72;Red;5.84;0.88;2.98;1284;1
766;14.5;1.75;2.5;18.38;122;3.3;2.85;0.36;2.44;White;4.97;1.05;3.43;1167;0
767;13.46;1.96;2.72;14.05;127;3.18;3.03;0.34;2.62;Rosé;7.77;0.89;3.85;1408;0
768;14.36;1.74;2.14;14.43;109;3.45;3.02;0.27;1.98;Red;5.0;0.94;3.85;953;1
769;13.42;2.55;2.28;16.88;107;3.8;2.72;0.23;1.86;White;6.84;1.0;3.7;909;2
770;14.19;2.35;2.53;20.79;111;3.73;3.15;0.36;2.26;Rosé;7.53;1.02;3.35;1479;0
771;14.39;1.7;2.65;17.41;119;3.07;2.75;0.37;2.55;White;5.69;0.88;3.27;1009;1
772;14.28;2.1;2.47;13.54;130;2.82;3.36;0.25;2.44;White;4.48;0.9;3.92;929;1
773;13.45;1.81;2.26;18.03;106;3.06;2.69;0.3;1.94;White;7.32;0.87;3.42;839;1
774;13.72;1.94;2.58;16.74;123;2.61;2.93;0.32;2.36;Red;4.41;1.03;3.07;822;2
775;14.26;2.32;2.17;18.58;117;3.16;3.49;0.23;2.44;Rosé;7.35;1.04;3.85;1259;1
776;13.5;2.04;2.55;18.12;119;2.67;2.66;0.36;1.91;Red;7.5;1.01;3.21;1468;1
777;13.9;2.15;2.65;16.43;105;2.65;3.05;0.33;2.05;White;6.75;0.99;2.95;1182;2
778;14.48;1.83;2.78;14.87;114;3.5;2.88;0.35;2.33;Red;5.83;0.89;3.69;1002;2
779;13.43;2.04;2.64;13.71;129;2.86;3.31;0.28;2.32;White;7.59;0.96;2.98;834;2
780;14.15;2.04;2.82;19.57;119;3.58;3.5;0.3;2.15;White;7.09;0.92;3.11;1338;0
781;13.36;2.0;2.71;12.79;110;3.23;3.45;0.33;2.15;White;6.9;0.95;3.28;1188;1
782;13.65;2.42;2.55;15.11;113;3.49;2.7;0.34;2.1;White;6.55;1.04;3.06;855;1
783;13.05;2.43;2.1;15.83;119;3.62;2.7;0.27;2.64;Red;5.58;0.92;3.29;902;0
784;14.44;2.41;2.38;20.48;113;2.77;3.48;0.31;2.7;Rosé;7.02;1.0;3.91;1068;1
785;13.32;1.74;2.64;17.53;103;2.96;2.87;0.35;2.25;Rosé;6.2;1.0;3.62;950;2
786;14.14;2.37;2.46;13.58;121;3.33;2.97;0.29;2.59;White;7.03;1.04;3.49;969;2
787;14.49;2.08;2.64;12.19;104;2.64;3.32;0.27;2.08;Red;5.1;1.01;3.47;821;2
788;13.4;1.85;2.37;16.93;110;3.72;3.45;0.34;2.0;Rosé;5.76;0.95;3.35;1434;1
789;14.4;2.36;2.1;19.79;104;2.73;3.5;0.26;1.81;White;4.86;0.92;3.32;1043;2
790;13.35;2.41;2.58;16.54;129;3.05;3.01;0.32;1.97;Red;7.49;0.97;3.69;1295;1
791;13.42;2.59;2.81;19.24;119;3.19;3.3;0.3;2.66;Red;7.79;0.89;3.54;914;2
792;14.16;2.31;2.51;17.65;120;3.35;3.15;0.28;2.79;Red;7.43;1.0;3.05;1167;0
793;14.0;2.48;2.73;17.08;123;3.27;2.93;0.36;2.34;Rosé;6.98;0.89;3.01;1201;2
794;13.54;1.73;2.18;16.97;104;3.44;2.99;0.32;2.33;Rosé;7.51;0.87;3.1;1382;2
795;13.52;1.78;2.59;17.62;118;3.72;3.16;0.32;1.92;Red;4.44;1.04;3.03;809;2
796;14.1;2.51;2.13;14.95;115;3.54;2.89;0.37;2.33;Red;4.41;0.91;3.57;1471;1
797;13.71;2.28;2.3;16.22;112;2.62;3.31;0.27;2.74;Rosé;5.61;1.04;3.8;1439;0
798;14.45;1.91;2.53;17.87;117;3.25;3.01;0.32;2.03;White;5.67;0.99;2.99;1480;0
799;13.87;2.28;2.56;17.22;104;3.27;3.33;0.33;2.06;Red;5.74;0.96;3.6;1074;1
800;13.82;2.56;2.45;16.3;107;3.26;3.45;0.23;2.04;White;4.96;0.96;3.49;1346;0
801;14.07;2.35;2.46;14.23;116;3.33;3.04;0.32;2.34;Red;6.29;0.9;3.38;867;0
802;13.07;1.87;2.86;12.8;110;2.93;3.28;0.28;2.77;White;5.12;1.01;3.15;788;0
803;13.5;1.73;2.35;12.56;126;3.88;2.69;0.36;2.81;Red;5.06;0.96;3.32;1148;0
804;13.14;2.03;2.58;20.58;115;2.97;3.0;0.37;2.74;Rosé;4.94;0.88;3.86;1022;2
805;13.9;1.74;2.78;20.52;124;2.74;2.65;0.33;1.93;White;6.27;0.99;3.84;1263;1
806;14.49;1.75;2.48;20.59;125;2.67;3.13;0.24;1.91;Rosé;5.73;0.98;3.61;1226;1
807;13.35;1.86;2.13;17.7;105;3.73;2.79;0.27;2.42;Rosé;6.16;0.95;3.21;1352;1
808;13.05;2.06;2.72;17.51;104;3.14;3.35;0.27;2.38;White;4.73;0.98;3.38;1357;1
809;13.53;2.6;2.53;19.05;113;3.0;3.24;0.33;2.51;Red;6.5;0.91;3.78;1323;2
810;13.07;2.07;2.48;11.81;123;3.44;3.17;0.38;2.15;Red;6.41;0.86;3.04;1189;2
811;14.07;1.96;2.77;19.64;123;2.64;3.04;0.36;2.66;Red;4.63;1.01;3.34;816;2
812;13.25;2.48;2.85;17.65;128;2.72;3.46;0.39;2.66;White;5.25;1.01;3.03;1418;1
813;13.78;2.18;2.76;12.82;120;3.44;3.41;0.33;2.08;Rosé;4.75;0.94;3.68;757;0
814;13.51;2.43;2.72;16.42;107;3.81;3.0;0.34;2.25;Rosé;5.92;0.91;3.07;797;2
815;13.96;2.29;2.57;16.3;109;3.64;2.72;0.24;2.17;Red;6.22;0.97;3.41;1392;1
816;13.56;2.14;2.3;12.58;126;3.28;3.22;0.32;2.53;White;5.63;1.02;3.78;1041;1
817;14.26;1.86;2.31;12.41;120;3.16;2.98;0.33;2.65;White;5.25;1.0;3.69;1044;0
818;14.2;2.56;2.39;14.41;115;2.74;3.39;0.32;2.2;Red;6.88;0.98;3.18;1419;0
819;13.61;1.82;2.14;16.64;117;2.7;3.28;0.36;2.57;White;7.72;0.88;3.76;778;1
820;14.08;2.0;2.11;15.32;112;3.49;3.46;0.33;2.8;Red;7.27;1.04;2.98;854;2
821;14.15;2.09;2.56;17.3;124;2.79;3.27;0.3;2.2;Red;7.79;1.01;3.78;986;1
822;13.16;2.56;2.24;12.59;120;3.44;2.89;0.28;2.06;Red;7.13;0.93;3.85;1272;0
823;13.22;1.8;2.37;11.84;110;2.97;3.12;0.3;2.02;White;6.17;0.9;3.72;1461;2
824;13.81;2.03;2.83;18.28;119;3.29;3.44;0.37;2.79;White;4.4;1.01;3.35;791;0
825;13.75;2.28;2.22;19.89;115;3.47;3.1;0.32;2.57;White;6.3;0.94;3.51;1043;2
826;13.79;2.15;2.72;17.68;106;3.51;3.15;0.35;2.55;Rosé;7.76;0.92;3.57;882;1
827;14.34;1.81;2.53;15.43;111;3.27;3.48;0.24;2.04;Red;6.56;1.04;3.0;1125;2
828;13.18;2.33;2.8;19.26;121;3.88;2.7;0.23;2.71;Red;7.5;0.96;3.62;1149;0
829;13.4;1.92;2.25;15.67;104;3.5;3.38;0.37;2.79;White;6.33;1.0;3.19;1240;1
830;14.28;2.55;2.89;20.4;116;3.22;3.04;0.32;2.68;Rosé;5.18;0.94;3.57;1185;2
831;14.22;2.51;2.59;16.44;110;2.84;3.37;0.3;2.31;Red;5.54;0.87;3.27;948;2
832;14.05;2.2;2.84;18.98;123;2.99;2.76;0.25;1.98;Red;7.71;0.98;3.67;1318;2
833;13.09;1.74;2.43;13.42;126;3.8;3.06;0.3;2.78;Red;4.52;0.87;3.76;1183;2
834;14.09;1.76;2.13;16.05;126;3.34;3.4;0.24;1.94;White;5.86;0.88;3.82;1342;1
835;14.09;1.78;2.65;20.96;123;2.75;2.89;0.32;2.0;Red;7.41;1.04;3.28;1306;0
836;14.04;1.94;2.15;17.68;119;3.61;3.41;0.24;2.81;White;7.42;0.89;3.7;1415;2
837;13.86;2.18;2.7;16.11;124;2.79;2.81;0.25;2.26;Red;6.83;0.96;3.64;776;1
838;14.2;2.35;2.49;15.02;112;3.06;3.19;0.32;2.32;Rosé;7.22;0.93;3.46;1058;1
839;14.14;2.42;2.35;15.79;113;3.75;3.01;0.34;2.2;Red;5.29;0.98;3.1;930;0
840;13.98;2.55;2.86;12.74;110;3.69;2.94;0.34;2.39;Rosé;4.4;0.98;3.12;1153;1
841;13.38;2.14;2.18;19.02;103;2.74;3.22;0.26;2.63;Rosé;4.95;0.86;2.94;1419;2
842;13.33;1.79;2.14;20.21;122;3.43;2.9;0.33;1.97;Rosé;5.59;0.99;2.93;835;2
843;13.79;1.91;2.56;14.5;107;2.84;2.93;0.28;2.67;White;7.24;0.93;3.52;1146;2
844;14.23;2.49;2.64;12.05;108;3.41;3.02;0.27;2.28;Rosé;4.46;0.92;3.15;817;0
845;14.13;1.97;2.61;18.4;130;3.88;3.25;0.33;2.04;Rosé;5.25;0.9;3.91;1381;2
846;13.96;2.33;2.57;14.32;130;3.63;2.9;0.26;2.04;Rosé;7.08;0.89;3.76;1036;0
847;14.36;1.71;2.7;18.38;129;3.88;2.7;0.27;2.6;Red;4.75;0.99;3.58;1023;0
848;13.28;2.04;2.88;12.42;126;3.0;3.23;0.24;2.38;White;5.17;0.88;3.61;815;1
849;13.98;1.88;2.62;15.71;104;3.27;2.85;0.24;2.06;Red;6.17;0.88;3.62;1434;2
850;13.68;1.73;2.21;20.01;126;3.18;3.47;0.34;2.77;White;5.8;0.94;3.29;1093;0
851;13.62;1.99;2.61;11.28;124;3.22;2.94;0.33;2.12;White;5.76;0.96;3.69;970;2
852;13.49;2.34;2.82;16.97;110;3.51;3.11;0.35;2.0;Rosé;4.99;1.04;3.22;948;1
853;13.09;2.56;2.16;12.82;106;2.75;2.95;0.3;2.49;Rosé;6.15;0.86;3.72;809;2
854;13.35;1.72;2.32;13.15;129;3.33;2.66;0.37;2.75;Red;6.47;0.95;3.11;1041;0
855;13.19;2.18;2.22;20.0;115;3.62;2.8;0.29;2.43;Red;6.63;0.93;3.8;1375;2
856;14.29;2.13;2.3;19.39;124;3.75;2.65;0.39;2.37;White;6.58;1.01;3.05;1419;2
857;13.16;1.71;2.71;19.43;126;3.12;2.68;0.37;1.82;White;6.81;0.9;3.68;889;1
858;13.56;2.0;2.7;14.34;123;3.74;2.66;0.29;1.92;Red;6.1;0.92;3.59;755;1
859;14.03;1.97;2.43;18.83;113;3.25;2.81;0.29;2.01;White;4.94;0.93;2.95;760;2
860;14.35;1.97;2.13;20.61;111;3.45;3.01;0.25;2.57;Red;6.2;0.92;3.67;1447;0
861;13.15;2.4;2.84;16.83;124;3.14;3.09;0.32;2.16;Rosé;6.28;0.91;3.01;813;1
862;14.25;1.73;2.65;11.6;105;3.67;3.44;0.33;2.75;Rosé;5.06;0.89;3.11;1270;2
863;13.22;1.92;2.62;18.43;104;3.82;2.66;0.32;2.38;White;7.4;0.88;3.42;740;1
864;13.25;1.99;2.23;12.0;128;3.54;2.85;0.37;2.3;Red;6.07;0.93;3.73;1309;2
865;13.51;1.7;2.2;19.25;109;3.28;3.0;0.32;1.94;Rosé;5.14;0.86;3.82;1207;0
866;14.09;2.56;2.16;12.74;127;3.54;3.17;0.24;2.26;Red;5.23;0.91;3.32;806;2
867;13.41;1.87;2.21;17.59;115;3.29;3.17;0.26;2.14;Red;4.58;0.91;3.73;892;0
868;14.1;2.38;2.43;18.23;112;3.53;2.65;0.29;2.58;Red;7.65;0.96;3.37;1448;1
869;13.08;1.97;2.77;15.76;113;3.69;3.35;0.37;2.29;White;5.42;0.88;3.19;1284;1
870;13.54;2.59;2.88;17.03;108;3.3;3.38;0.36;2.15;Red;4.94;1.04;3.61;948;1
871;13.97;2.31;2.27;19.72;106;2.63;3.14;0.36;2.63;Rosé;5.07;0.94;3.68;1239;0
872;13.65;2.59;2.72;19.64;117;3.59;2.69;0.28;2.25;Red;7.72;0.99;3.1;1156;0
873;13.03;2.4;2.67;11.55;108;2.92;2.87;0.33;2.07;White;6.18;0.98;3.32;884;0
874;13.6;2.21;2.58;20.07;130;3.59;3.2;0.29;2.43;Rosé;6.64;1.03;3.45;1376;1
875;13.83;2.13;2.31;13.1;126;2.85;2.84;0.34;1.86;Rosé;7.31;0.99;3.53;1426;1
876;13.28;2.53;2.83;17.68;122;3.37;3.16;0.36;1.81;Rosé;5.19;0.93;3.39;1149;0
877;14.06;2.42;2.6;14.45;106;3.2;3.25;0.24;2.32;White;7.13;0.87;3.15;841;2
878;14.44;1.7;2.57;12.22;126;2.79;3.04;0.36;2.55;Red;4.87;1.02;3.82;870;0
879;13.63;1.85;2.16;14.34;111;2.83;2.89;0.3;2.76;Rosé;6.54;0.97;3.31;815;0
880;13.15;1.82;2.55;11.62;102;3.05;3.47;0.32;1.91;Red;6.18;0.97;3.42;1105;1
881;13.42;2.32;2.2;16.66;103;3.87;3.34;0.33;2.47;Red;6.13;0.9;3.39;960;0
882;13.63;2.35;2.84;14.57;115;3.0;3.24;0.3;2.55;Rosé;4.8;1.04;3.22;798;1
883;14.0;1.91;2.4;16.64;122;3.03;3.24;0.36;2.34;Red;4.39;0.93;3.88;1082;0
884;13.8;1.82;2.29;18.67;107;3.46;3.36;0.31;2.01;White;6.58;1.01;2.93;1407;1
885;13.31;2.09;2.59;19.04;120;3.19;2.65;0.26;2.32;Rosé;4.63;0.87;3.81;965;0
886;13.96;1.85;2.74;12.44;112;2.91;2.78;0.24;2.18;White;5.39;0.95;3.89;1113;2
887;13.97;2.18;2.51;14.55;117;3.44;3.04;0.38;2.23;White;7.24;1.03;3.14;772;0
888;14.11;2.28;2.39;17.15;126;3.84;3.28;0.24;2.05;Rosé;4.38;1.02;3.1;895;2
889;14.36;1.99;2.39;15.33;125;2.97;3.5;0.28;1.89;Rosé;6.13;0.9;3.82;1300;1
890;13.19;1.72;2.1;18.01;124;3.28;3.14;0.38;2.25;Rosé;4.72;0.94;3.63;1470;0
891;13.42;1.83;2.86;17.2;105;2.81;2.96;0.24;2.37;Red;5.29;1.01;3.23;909;0
892;14.03;1.72;2.12;17.85;118;3.26;2.77;0.36;1.82;White;6.57;0.92;3.9;1002;1
893;13.14;1.99;2.16;19.1;117;2.73;3.48;0.36;2.52;Rosé;7.02;0.92;3.3;855;1
894;14.13;2.32;2.59;19.5;124;3.39;3.08;0.24;1.83;White;5.98;0.89;2.95;961;0
895;13.96;2.45;2.5;18.87;118;3.72;3.07;0.38;2.17;White;5.8;0.94;3.92;1333;2
896;13.69;2.53;2.35;12.87;115;3.27;2.71;0.27;2.13;White;5.67;0.99;2.94;1012;0
897;13.74;1.72;2.56;11.46;106;2.97;3.39;0.39;2.42;Rosé;6.74;0.89;3.81;1097;0
898;13.99;2.5;2.19;11.82;121;3.7;3.23;0.36;2.16;White;6.21;0.92;3.33;982;1
899;13.24;2.4;2.61;16.94;111;3.3;3.1;0.24;2.67;White;4.61;0.88;3.05;1397;1
900;13.28;1.89;2.1;18.5;119;3.29;3.16;0.37;1.91;White;6.49;0.9;3.77;902;2
901;13.63;2.24;2.15;12.48;120;2.68;2.86;0.33;2.62;White;4.84;0.86;2.97;1425;2
902;13.61;1.74;2.56;11.28;104;3.29;3.15;0.39;2.8;Red;7.16;0.98;3.46;803;0
903;13.68;2.08;2.13;14.5;127;3.38;3.1;0.34;1.91;Red;5.54;1.04;3.61;788;2
904;14.49;1.83;2.22;13.5;129;2.7;3.28;0.24;1.82;Red;5.44;0.87;2.99;793;0
905;13.0;2.29;2.67;18.2;122;3.22;3.43;0.3;2.33;White;5.01;0.87;3.04;1229;2
906;13.69;1.93;2.85;14.57;103;3.76;2.82;0.37;1.94;Red;6.37;1.05;3.83;1293;2
907;14.44;2.0;2.27;11.86;105;3.69;3.48;0.26;2.0;Rosé;4.39;1.0;3.76;879;2
908;13.9;1.85;2.14;18.05;104;3.79;2.76;0.26;2.0;Rosé;6.43;0.86;2.96;819;0
909;14.29;2.58;2.67;18.15;106;2.99;2.66;0.24;2.39;Rosé;4.99;0.97;3.83;866;0
910;13.34;2.39;2.35;17.42;116;3.4;3.48;0.37;2.26;Rosé;6.71;1.05;3.15;791;0
911;13.53;2.21;2.43;18.51;115;3.81;3.43;0.28;1.97;Rosé;5.49;0.89;3.55;805;1
912;14.1;1.9;2.21;15.62;107;2.67;3.4;0.31;2.44;White;6.28;1.05;3.24;1456;0
913;14.25;2.02;2.6;11.93;117;2.68;2.99;0.35;2.77;Rosé;7.61;0.94;3.63;948;0
914;13.15;1.78;2.69;17.82;106;3.11;3.2;0.31;2.43;Red;6.97;1.04;3.9;1461;2
915;13.27;1.71;2.88;18.97;111;3.71;3.36;0.34;2.04;Rosé;4.58;0.9;3.03;1381;1
916;13.25;2.48;2.48;13.32;130;2.71;3.37;0.28;2.32;Red;4.46;1.0;3.41;997;1
917;13.15;2.45;2.59;18.38;129;3.57;2.83;0.26;2.6;Red;7.75;0.89;3.74;1113;1
918;13.89;2.52;2.21;13.48;109;3.85;2.96;0.31;2.29;White;5.95;1.04;2.96;1297;0
919;13.97;2.21;2.55;19.98;130;3.33;3.23;0.29;2.05;Rosé;6.14;1.01;3.57;1248;0
920;13.19;2.55;2.31;20.47;124;3.25;2.85;0.37;2.7;White;7.18;0.9;3.39;808;1
921;13.79;2.42;2.67;19.55;121;3.9;3.23;0.36;2.2;Red;6.44;0.9;3.2;1070;0
922;13.54;2.03;2.11;11.72;124;2.96;3.39;0.35;2.76;White;7.69;0.96;3.14;940;0
923;14.33;2.04;2.79;13.89;121;2.99;2.98;0.36;2.28;White;5.09;1.02;3.57;1224;1
924;13.24;1.95;2.82;16.17;113;3.01;2.99;0.39;2.69;White;4.34;0.96;3.18;1377;1
925;13.57;2.39;2.63;15.46;104;3.33;3.27;0.37;2.49;Red;4.88;0.98;3.18;758;0
926;13.1;2.49;2.21;13.36;113;2.63;2.66;0.27;2.14;Rosé;5.2;0.96;3.8;752;2
927;13.34;1.74;2.51;20.88;122;3.08;3.39;0.39;2.43;White;5.76;0.96;3.09;1132;2
928;14.11;1.81;2.13;17.93;121;2.63;2.91;0.33;2.04;White;6.7;0.98;3.31;1202;2
929;13.23;2.5;2.74;16.96;116;3.02;2.79;0.33;2.19;White;5.52;0.89;3.52;791;2
930;13.21;1.75;2.79;18.38;123;2.88;3.06;0.37;2.0;White;5.66;1.0;3.11;856;0
931;14.16;1.83;2.2;15.89;116;3.6;3.17;0.36;1.87;Red;7.75;0.96;3.71;971;1
932;13.07;2.41;2.78;11.3;126;3.21;2.84;0.25;2.62;Red;6.17;0.98;3.6;1181;1
933;13.32;2.48;2.5;16.69;103;2.96;3.05;0.26;1.89;White;5.73;0.96;3.32;1472;1
934;13.86;1.87;2.26;12.02;102;3.26;2.81;0.32;2.1;White;7.21;0.88;3.06;1352;0
935;14.29;1.86;2.1;19.37;122;2.62;2.75;0.37;2.37;Red;6.24;0.91;3.68;800;2
936;14.42;2.27;2.63;20.3;121;3.72;3.46;0.25;2.71;Red;5.74;0.96;3.34;1166;0
937;14.43;2.6;2.18;13.21;107;3.75;3.28;0.31;1.92;Rosé;5.05;1.05;3.53;1189;1
938;13.79;2.02;2.75;13.48;126;3.07;3.49;0.24;2.62;Red;4.45;0.86;3.07;1381;2
939;13.6;1.95;2.7;14.07;122;3.15;3.14;0.29;1.99;White;6.86;1.02;3.36;988;1
940;13.69;2.03;2.61;14.85;122;3.39;3.37;0.34;2.68;Rosé;4.57;1.02;3.71;1330;1
941;13.41;2.51;2.39;13.23;102;3.15;3.38;0.37;2.26;White;5.2;0.97;3.84;965;2
942;13.02;2.09;2.73;14.45;119;3.76;3.28;0.29;2.57;White;5.65;1.03;3.39;1283;2
943;14.08;1.88;2.48;11.51;110;2.66;2.78;0.37;2.37;Rosé;7.73;0.89;3.6;1185;1
944;13.61;1.82;2.56;19.05;108;3.3;3.02;0.31;2.78;Red;6.79;0.86;3.69;1084;0
945;13.5;1.81;2.4;17.21;126;3.6;3.46;0.27;2.48;Rosé;7.17;0.9;3.17;1060;0
946;14.11;2.53;2.12;11.42;124;2.86;2.79;0.38;2.2;White;5.86;0.88;2.93;1175;0
947;13.27;2.13;2.15;20.5;106;3.04;3.47;0.24;2.02;White;5.51;0.93;3.42;1346;1
948;13.26;2.28;2.24;15.36;106;2.89;3.29;0.24;2.63;Red;6.47;0.93;3.25;754;0
949;14.43;2.19;2.78;19.97;124;3.31;2.79;0.36;2.79;Red;5.15;1.0;3.12;1211;0
950;13.31;1.9;2.88;19.53;110;3.56;3.36;0.38;2.71;Red;5.42;0.91;3.44;1156;1
951;13.45;1.99;2.34;16.74;109;3.3;3.25;0.33;2.69;Red;7.02;0.9;3.77;1039;0
952;13.11;2.33;2.28;14.54;108;3.22;3.3;0.28;2.76;Red;5.48;1.03;3.56;771;2
953;13.69;2.39;2.51;18.59;123;3.13;3.4;0.35;1.85;White;6.07;0.88;3.42;1321;0
954;14.34;2.33;2.74;17.89;112;3.53;3.48;0.26;1.86;White;6.84;0.9;3.5;1243;1
955;13.73;2.28;2.69;14.02;123;3.88;2.88;0.29;2.51;Rosé;5.8;0.86;3.86;904;1
956;13.24;2.39;2.57;12.11;116;3.34;3.28;0.32;2.06;White;6.18;1.04;3.01;886;1
957;14.4;1.82;2.84;14.93;128;2.71;3.33;0.25;1.89;Rosé;5.83;1.01;3.02;870;0
958;13.61;2.15;2.52;12.8;122;3.19;2.9;0.32;1.93;Red;5.93;1.03;3.2;973;1
959;13.45;1.83;2.36;14.83;103;3.05;2.83;0.36;2.26;Rosé;5.67;1.04;3.65;768;0
960;14.13;2.3;2.78;13.28;121;3.4;3.3;0.34;2.1;Rosé;5.3;0.98;3.09;874;0
961;13.45;2.58;2.27;14.99;110;3.46;3.03;0.36;2.44;Rosé;5.89;0.91;3.52;1170;2
962;13.3;1.7;2.16;13.67;117;3.05;3.38;0.36;2.38;Red;6.67;0.93;3.4;804;1
963;13.47;2.58;2.41;13.33;122;3.84;2.7;0.25;1.86;Rosé;5.89;0.93;3.54;1297;0
964;14.27;1.73;2.2;17.41;115;2.74;2.68;0.29;2.7;Red;5.17;0.92;3.62;1209;1
965;13.21;1.99;2.48;17.94;116;2.87;3.44;0.23;2.12;Red;4.97;1.04;3.43;905;0
966;13.27;1.92;2.87;17.18;105;3.49;3.38;0.25;2.74;Red;7.37;0.96;3.38;1046;0
967;14.23;2.46;2.52;11.78;112;2.63;2.68;0.29;2.49;Red;6.82;0.92;3.87;761;1
968;13.44;1.72;2.33;20.65;118;2.63;3.15;0.3;1.9;White;5.05;0.98;3.76;871;2
969;13.35;2.29;2.3;16.39;104;3.85;3.1;0.34;2.26;Rosé;5.23;0.95;3.04;1414;1
970;13.66;1.83;2.56;13.31;122;3.23;3.08;0.32;1.87;Red;7.49;0.91;3.48;1390;1
971;13.52;1.72;2.63;17.59;130;3.6;2.74;0.27;2.25;White;6.82;0.94;3.72;1207;2
972;14.45;1.99;2.64;16.59;106;2.81;3.04;0.31;2.29;Rosé;7.75;1.03;3.3;1160;1
973;14.05;1.94;2.43;18.83;116;3.5;3.23;0.3;2.03;Rosé;5.46;0.91;3.06;1274;1
974;14.17;2.49;2.76;19.12;123;3.52;3.05;0.34;1.96;Red;6.66;0.94;3.74;1158;0
975;13.94;1.8;2.3;18.55;108;3.39;2.83;0.28;2.64;White;6.94;0.89;3.68;1224;0
976;14.03;2.05;2.2;16.03;103;3.16;3.14;0.24;2.72;Red;5.72;0.89;3.47;1234;2
977;14.01;1.76;2.66;12.52;117;3.8;2.81;0.28;1.88;Rosé;6.55;0.95;3.53;860;1
978;13.78;1.9;2.69;12.2;107;3.67;2.93;0.3;2.08;Rosé;5.69;1.0;3.06;1267;0
979;13.66;2.18;2.33;12.6;124;3.78;3.44;0.35;2.35;White;7.04;1.04;3.28;1387;0
980;14.29;1.79;2.67;20.03;107;3.4;3.24;0.38;2.31;Red;7.07;0.97;2.96;1224;1
981;13.4;1.74;2.62;13.16;105;3.41;2.69;0.25;2.33;Rosé;4.53;0.87;3.15;1382;0
982;13.19;2.01;2.61;19.13;127;2.92;2.69;0.31;1.96;White;7.68;1.0;3.57;743;1
983;13.87;2.37;2.49;19.47;128;3.64;2.9;0.34;1.84;Rosé;7.26;0.94;3.05;854;2
984;14.39;2.37;2.58;17.48;122;2.78;3.33;0.35;2.43;Red;4.62;1.03;3.4;844;2
985;13.37;1.92;2.58;12.06;109;3.45;2.7;0.26;2.46;Rosé;7.07;0.88;3.78;1341;0
986;14.03;2.23;2.81;18.0;112;3.06;2.83;0.36;1.95;Rosé;6.27;0.93;3.5;781;1
987;13.32;1.88;2.75;17.15;125;3.77;3.12;0.36;2.48;White;4.4;0.89;3.69;928;2
988;13.9;2.21;2.82;16.36;115;3.31;3.21;0.32;2.17;Red;6.97;0.88;3.79;1449;2
989;13.6;2.3;2.52;12.75;116;3.29;3.33;0.36;2.27;Red;5.34;0.98;3.55;1062;2
990;13.35;2.55;2.37;15.56;105;3.62;3.48;0.31;2.64;Red;6.95;1.03;3.83;825;1
991;14.25;2.21;2.76;16.4;110;3.69;3.32;0.37;1.87;Red;4.92;0.96;3.35;741;0
992;14.49;2.02;2.53;18.22;130;3.39;3.47;0.28;2.14;Rosé;7.22;0.94;3.59;1173;0
993;13.02;1.88;2.83;16.57;113;3.15;3.21;0.37;1.94;White;5.87;0.91;3.44;889;0
994;13.65;2.43;2.31;13.43;119;3.0;3.02;0.35;2.32;Rosé;5.28;0.96;3.57;976;0
995;13.74;2.12;2.45;14.66;109;3.45;3.36;0.38;2.06;Red;7.24;0.94;3.61;1221;0
996;14.23;1.86;2.3;20.42;112;3.8;3.46;0.32;2.07;White;6.36;1.02;2.99;957;1
997;13.46;1.98;2.73;19.38;125;3.51;3.01;0.25;2.65;Rosé;5.78;0.96;3.67;1475;2
998;13.73;1.73;2.62;18.89;114;3.18;3.44;0.35;2.08;Rosé;6.14;1.0;3.28;1376;1
999;13.14;2.53;2.44;12.59;126;3.75;3.45;0.3;1.82;Red;5.5;0.92;3.66;1238;2
1000;14.08;2.46;2.59;13.73;109;3.11;3.18;0.27;2.28;White;6.8;0.87;3.24;1073;1
